year,regioncode,sector,gdp,step,row_type
2025,ABA,A,0.0,final_consolidated,detail
2025,ABA,ALL,392041386.792526,final_consolidated,region_total
2025,ABA,B,0.0,final_consolidated,detail
2025,ABA,C,0.0,final_consolidated,detail
2025,ABA,D,0.0,final_consolidated,detail
2025,ABA,E,0.0,final_consolidated,detail
2025,ABA,F,0.0,final_consolidated,detail
2025,ABA,G,0.0,final_consolidated,detail
2025,ABA,H,0.0,final_consolidated,detail
2025,ABA,I,0.0,final_consolidated,detail
2025,ABA,J,0.0,final_consolidated,detail
2025,ABA,K,0.0,final_consolidated,detail
2025,ABA,L,0.0,final_consolidated,detail
2025,ABA,M,0.0,final_consolidated,detail
2025,ABA,N,0.0,final_consolidated,detail
2025,ABA,O,0.0,final_consolidated,detail
2025,ABA,P,130693532.92453381,final_consolidated,detail
2025,ABA,Q,130654320.94345835,final_consolidated,detail
2025,ABA,R,114342136.81606379,final_consolidated,detail
2025,ABA,S,16351396.108470026,final_consolidated,detail
2025,ABA,T,0.0,final_consolidated,detail
2025,ABA,U,0.0,final_consolidated,detail
2025,ABA,V,0.0,final_consolidated,detail
2025,AHU,A,0.0,final_consolidated,detail
2025,AHU,ALL,6675766.785485955,final_consolidated,region_total
2025,AHU,B,0.0,final_consolidated,detail
2025,AHU,C,0.0,final_consolidated,detail
2025,AHU,D,0.0,final_consolidated,detail
2025,AHU,E,0.0,final_consolidated,detail
2025,AHU,F,0.0,final_consolidated,detail
2025,AHU,G,0.0,final_consolidated,detail
2025,AHU,H,0.0,final_consolidated,detail
2025,AHU,I,0.0,final_consolidated,detail
2025,AHU,J,0.0,final_consolidated,detail
2025,AHU,K,0.0,final_consolidated,detail
2025,AHU,L,0.0,final_consolidated,detail
2025,AHU,M,0.0,final_consolidated,detail
2025,AHU,N,0.0,final_consolidated,detail
2025,AHU,O,0.0,final_consolidated,detail
2025,AHU,P,2225478.1652355157,final_consolidated,detail
2025,AHU,Q,2224810.455014923,final_consolidated,detail
2025,AHU,R,1947043.0032483542,final_consolidated,detail
2025,AHU,S,278435.16198716173,final_consolidated,detail
2025,AHU,T,0.0,final_consolidated,detail
2025,AHU,U,0.0,final_consolidated,detail
2025,AHU,V,0.0,final_consolidated,detail
2025,AJA,A,0.0,final_consolidated,detail
2025,AJA,ALL,10864491.60601961,final_consolidated,region_total
2025,AJA,B,0.0,final_consolidated,detail
2025,AJA,C,0.0,final_consolidated,detail
2025,AJA,D,0.0,final_consolidated,detail
2025,AJA,E,0.0,final_consolidated,detail
2025,AJA,F,0.0,final_consolidated,detail
2025,AJA,G,0.0,final_consolidated,detail
2025,AJA,H,0.0,final_consolidated,detail
2025,AJA,I,0.0,final_consolidated,detail
2025,AJA,J,0.0,final_consolidated,detail
2025,AJA,K,0.0,final_consolidated,detail
2025,AJA,L,0.0,final_consolidated,detail
2025,AJA,M,0.0,final_consolidated,detail
2025,AJA,N,0.0,final_consolidated,detail
2025,AJA,O,0.0,final_consolidated,detail
2025,AJA,P,3621859.42417117,final_consolidated,detail
2025,AJA,Q,3620772.7576772696,final_consolidated,detail
2025,AJA,R,3168719.496214561,final_consolidated,detail
2025,AJA,S,453139.92795660906,final_consolidated,detail
2025,AJA,T,0.0,final_consolidated,detail
2025,AJA,U,0.0,final_consolidated,detail
2025,AJA,V,0.0,final_consolidated,detail
2025,ALL,A,0.0,final_consolidated,sector_total
2025,ALL,ALL,4341560161.077046,final_consolidated,grand_total
2025,ALL,B,0.0,final_consolidated,sector_total
2025,ALL,C,0.0,final_consolidated,sector_total
2025,ALL,D,0.0,final_consolidated,sector_total
2025,ALL,E,0.0,final_consolidated,sector_total
2025,ALL,F,0.0,final_consolidated,sector_total
2025,ALL,G,0.0,final_consolidated,sector_total
2025,ALL,H,0.0,final_consolidated,sector_total
2025,ALL,I,0.0,final_consolidated,sector_total
2025,ALL,J,0.0,final_consolidated,sector_total
2025,ALL,K,0.0,final_consolidated,sector_total
2025,ALL,L,0.0,final_consolidated,sector_total
2025,ALL,M,0.0,final_consolidated,sector_total
2025,ALL,N,0.0,final_consolidated,sector_total
2025,ALL,O,0.0,final_consolidated,sector_total
2025,ALL,P,1447331467.9805758,final_consolidated,sector_total
2025,ALL,Q,1446897225.1158953,final_consolidated,sector_total
2025,ALL,R,1266252193.4087486,final_consolidated,sector_total
2025,ALL,S,181079274.57182723,final_consolidated,sector_total
2025,ALL,T,0.0,final_consolidated,sector_total
2025,ALL,U,0.0,final_consolidated,sector_total
2025,ALL,V,0.0,final_consolidated,sector_total
2025,AMA,A,0.0,final_consolidated,detail
2025,AMA,ALL,918380609.2240276,final_consolidated,region_total
2025,AMA,B,0.0,final_consolidated,detail
2025,AMA,C,0.0,final_consolidated,detail
2025,AMA,D,0.0,final_consolidated,detail
2025,AMA,E,0.0,final_consolidated,detail
2025,AMA,F,0.0,final_consolidated,detail
2025,AMA,G,0.0,final_consolidated,detail
2025,AMA,H,0.0,final_consolidated,detail
2025,AMA,I,0.0,final_consolidated,detail
2025,AMA,J,0.0,final_consolidated,detail
2025,AMA,K,0.0,final_consolidated,detail
2025,AMA,L,0.0,final_consolidated,detail
2025,AMA,M,0.0,final_consolidated,detail
2025,AMA,N,0.0,final_consolidated,detail
2025,AMA,O,0.0,final_consolidated,detail
2025,AMA,P,306157488.55207884,final_consolidated,detail
2025,AMA,Q,306065632.11986995,final_consolidated,detail
2025,AMA,R,267853356.3209907,final_consolidated,detail
2025,AMA,S,38304132.23108818,final_consolidated,detail
2025,AMA,T,0.0,final_consolidated,detail
2025,AMA,U,0.0,final_consolidated,detail
2025,AMA,V,0.0,final_consolidated,detail
2025,AQA,A,0.0,final_consolidated,detail
2025,AQA,ALL,566613747.9904102,final_consolidated,region_total
2025,AQA,B,0.0,final_consolidated,detail
2025,AQA,C,0.0,final_consolidated,detail
2025,AQA,D,0.0,final_consolidated,detail
2025,AQA,E,0.0,final_consolidated,detail
2025,AQA,F,0.0,final_consolidated,detail
2025,AQA,G,0.0,final_consolidated,detail
2025,AQA,H,0.0,final_consolidated,detail
2025,AQA,I,0.0,final_consolidated,detail
2025,AQA,J,0.0,final_consolidated,detail
2025,AQA,K,0.0,final_consolidated,detail
2025,AQA,L,0.0,final_consolidated,detail
2025,AQA,M,0.0,final_consolidated,detail
2025,AQA,N,0.0,final_consolidated,detail
2025,AQA,O,0.0,final_consolidated,detail
2025,AQA,P,188890140.23325038,final_consolidated,detail
2025,AQA,Q,188833467.52390948,final_consolidated,detail
2025,AQA,R,165257620.43809125,final_consolidated,detail
2025,AQA,S,23632519.79515914,final_consolidated,detail
2025,AQA,T,0.0,final_consolidated,detail
2025,AQA,U,0.0,final_consolidated,detail
2025,AQA,V,0.0,final_consolidated,detail
2025,ARI,A,0.0,final_consolidated,detail
2025,ARI,ALL,244963527.38361886,final_consolidated,region_total
2025,ARI,B,0.0,final_consolidated,detail
2025,ARI,C,0.0,final_consolidated,detail
2025,ARI,D,0.0,final_consolidated,detail
2025,ARI,E,0.0,final_consolidated,detail
2025,ARI,F,0.0,final_consolidated,detail
2025,ARI,G,0.0,final_consolidated,detail
2025,ARI,H,0.0,final_consolidated,detail
2025,ARI,I,0.0,final_consolidated,detail
2025,ARI,J,0.0,final_consolidated,detail
2025,ARI,K,0.0,final_consolidated,detail
2025,ARI,L,0.0,final_consolidated,detail
2025,ARI,M,0.0,final_consolidated,detail
2025,ARI,N,0.0,final_consolidated,detail
2025,ARI,O,0.0,final_consolidated,detail
2025,ARI,P,81662676.21220261,final_consolidated,detail
2025,ARI,Q,81638174.95921364,final_consolidated,detail
2025,ARI,R,71445653.71580642,final_consolidated,detail
2025,ARI,S,10217022.496396186,final_consolidated,detail
2025,ARI,T,0.0,final_consolidated,detail
2025,ARI,U,0.0,final_consolidated,detail
2025,ARI,V,0.0,final_consolidated,detail
2025,ASH,A,0.0,final_consolidated,detail
2025,ASH,ALL,581427437.6357563,final_consolidated,region_total
2025,ASH,B,0.0,final_consolidated,detail
2025,ASH,C,0.0,final_consolidated,detail
2025,ASH,D,0.0,final_consolidated,detail
2025,ASH,E,0.0,final_consolidated,detail
2025,ASH,F,0.0,final_consolidated,detail
2025,ASH,G,0.0,final_consolidated,detail
2025,ASH,H,0.0,final_consolidated,detail
2025,ASH,I,0.0,final_consolidated,detail
2025,ASH,J,0.0,final_consolidated,detail
2025,ASH,K,0.0,final_consolidated,detail
2025,ASH,L,0.0,final_consolidated,detail
2025,ASH,M,0.0,final_consolidated,detail
2025,ASH,N,0.0,final_consolidated,detail
2025,ASH,O,0.0,final_consolidated,detail
2025,ASH,P,193828530.6701316,final_consolidated,detail
2025,ASH,Q,193770376.2954931,final_consolidated,detail
2025,ASH,R,169578156.4458757,final_consolidated,detail
2025,ASH,S,24250374.224255886,final_consolidated,detail
2025,ASH,T,0.0,final_consolidated,detail
2025,ASH,U,0.0,final_consolidated,detail
2025,ASH,V,0.0,final_consolidated,detail
2025,ASI,A,0.0,final_consolidated,detail
2025,ASI,ALL,198103740.65420994,final_consolidated,region_total
2025,ASI,B,0.0,final_consolidated,detail
2025,ASI,C,0.0,final_consolidated,detail
2025,ASI,D,0.0,final_consolidated,detail
2025,ASI,E,0.0,final_consolidated,detail
2025,ASI,F,0.0,final_consolidated,detail
2025,ASI,G,0.0,final_consolidated,detail
2025,ASI,H,0.0,final_consolidated,detail
2025,ASI,I,0.0,final_consolidated,detail
2025,ASI,J,0.0,final_consolidated,detail
2025,ASI,K,0.0,final_consolidated,detail
2025,ASI,L,0.0,final_consolidated,detail
2025,ASI,M,0.0,final_consolidated,detail
2025,ASI,N,0.0,final_consolidated,detail
2025,ASI,O,0.0,final_consolidated,detail
2025,ASI,P,66041184.99704757,final_consolidated,detail
2025,ASI,Q,66021370.660114765,final_consolidated,detail
2025,ASI,R,57778606.49606684,final_consolidated,detail
2025,ASI,S,8262578.500980751,final_consolidated,detail
2025,ASI,T,0.0,final_consolidated,detail
2025,ASI,U,0.0,final_consolidated,detail
2025,ASI,V,0.0,final_consolidated,detail
2025,HAI,A,0.0,final_consolidated,detail
2025,HAI,ALL,557498915.6534883,final_consolidated,region_total
2025,HAI,B,0.0,final_consolidated,detail
2025,HAI,C,0.0,final_consolidated,detail
2025,HAI,D,0.0,final_consolidated,detail
2025,HAI,E,0.0,final_consolidated,detail
2025,HAI,F,0.0,final_consolidated,detail
2025,HAI,G,0.0,final_consolidated,detail
2025,HAI,H,0.0,final_consolidated,detail
2025,HAI,I,0.0,final_consolidated,detail
2025,HAI,J,0.0,final_consolidated,detail
2025,HAI,K,0.0,final_consolidated,detail
2025,HAI,L,0.0,final_consolidated,detail
2025,HAI,M,0.0,final_consolidated,detail
2025,HAI,N,0.0,final_consolidated,detail
2025,HAI,O,0.0,final_consolidated,detail
2025,HAI,P,185851558.89908746,final_consolidated,detail
2025,HAI,Q,185795797.85531336,final_consolidated,detail
2025,HAI,R,162599203.64528626,final_consolidated,detail
2025,HAI,S,23252355.253801223,final_consolidated,detail
2025,HAI,T,0.0,final_consolidated,detail
2025,HAI,U,0.0,final_consolidated,detail
2025,HAI,V,0.0,final_consolidated,detail
2025,JAZ,A,0.0,final_consolidated,detail
2025,JAZ,ALL,35606038.08438691,final_consolidated,region_total
2025,JAZ,B,0.0,final_consolidated,detail
2025,JAZ,C,0.0,final_consolidated,detail
2025,JAZ,D,0.0,final_consolidated,detail
2025,JAZ,E,0.0,final_consolidated,detail
2025,JAZ,F,0.0,final_consolidated,detail
2025,JAZ,G,0.0,final_consolidated,detail
2025,JAZ,H,0.0,final_consolidated,detail
2025,JAZ,I,0.0,final_consolidated,detail
2025,JAZ,J,0.0,final_consolidated,detail
2025,JAZ,K,0.0,final_consolidated,detail
2025,JAZ,L,0.0,final_consolidated,detail
2025,JAZ,M,0.0,final_consolidated,detail
2025,JAZ,N,0.0,final_consolidated,detail
2025,JAZ,O,0.0,final_consolidated,detail
2025,JAZ,P,11869866.466819521,final_consolidated,detail
2025,JAZ,Q,11866305.150747867,final_consolidated,detail
2025,JAZ,R,10384797.664940212,final_consolidated,detail
2025,JAZ,S,1485068.80187931,final_consolidated,detail
2025,JAZ,T,0.0,final_consolidated,detail
2025,JAZ,U,0.0,final_consolidated,detail
2025,JAZ,V,0.0,final_consolidated,detail
2025,MAK,A,0.0,final_consolidated,detail
2025,MAK,ALL,38766805.70947318,final_consolidated,region_total
2025,MAK,B,0.0,final_consolidated,detail
2025,MAK,C,0.0,final_consolidated,detail
2025,MAK,D,0.0,final_consolidated,detail
2025,MAK,E,0.0,final_consolidated,detail
2025,MAK,F,0.0,final_consolidated,detail
2025,MAK,G,0.0,final_consolidated,detail
2025,MAK,H,0.0,final_consolidated,detail
2025,MAK,I,0.0,final_consolidated,detail
2025,MAK,J,0.0,final_consolidated,detail
2025,MAK,K,0.0,final_consolidated,detail
2025,MAK,L,0.0,final_consolidated,detail
2025,MAK,M,0.0,final_consolidated,detail
2025,MAK,N,0.0,final_consolidated,detail
2025,MAK,O,0.0,final_consolidated,detail
2025,MAK,P,12923561.055178445,final_consolidated,detail
2025,MAK,Q,12919683.599116284,final_consolidated,detail
2025,MAK,R,11306661.877257831,final_consolidated,detail
2025,MAK,S,1616899.1779206158,final_consolidated,detail
2025,MAK,T,0.0,final_consolidated,detail
2025,MAK,U,0.0,final_consolidated,detail
2025,MAK,V,0.0,final_consolidated,detail
2025,NAJ,A,0.0,final_consolidated,detail
2025,NAJ,ALL,764505257.0402304,final_consolidated,region_total
2025,NAJ,B,0.0,final_consolidated,detail
2025,NAJ,C,0.0,final_consolidated,detail
2025,NAJ,D,0.0,final_consolidated,detail
2025,NAJ,E,0.0,final_consolidated,detail
2025,NAJ,F,0.0,final_consolidated,detail
2025,NAJ,G,0.0,final_consolidated,detail
2025,NAJ,H,0.0,final_consolidated,detail
2025,NAJ,I,0.0,final_consolidated,detail
2025,NAJ,J,0.0,final_consolidated,detail
2025,NAJ,K,0.0,final_consolidated,detail
2025,NAJ,L,0.0,final_consolidated,detail
2025,NAJ,M,0.0,final_consolidated,detail
2025,NAJ,N,0.0,final_consolidated,detail
2025,NAJ,O,0.0,final_consolidated,detail
2025,NAJ,P,254860574.28636608,final_consolidated,detail
2025,NAJ,Q,254784108.46749824,final_consolidated,detail
2025,NAJ,R,222974327.81849492,final_consolidated,detail
2025,NAJ,S,31886246.46787118,final_consolidated,detail
2025,NAJ,T,0.0,final_consolidated,detail
2025,NAJ,U,0.0,final_consolidated,detail
2025,NAJ,V,0.0,final_consolidated,detail
2025,TAB,A,0.0,final_consolidated,detail
2025,TAB,ALL,26112436.51741352,final_consolidated,region_total
2025,TAB,B,0.0,final_consolidated,detail
2025,TAB,C,0.0,final_consolidated,detail
2025,TAB,D,0.0,final_consolidated,detail
2025,TAB,E,0.0,final_consolidated,detail
2025,TAB,F,0.0,final_consolidated,detail
2025,TAB,G,0.0,final_consolidated,detail
2025,TAB,H,0.0,final_consolidated,detail
2025,TAB,I,0.0,final_consolidated,detail
2025,TAB,J,0.0,final_consolidated,detail
2025,TAB,K,0.0,final_consolidated,detail
2025,TAB,L,0.0,final_consolidated,detail
2025,TAB,M,0.0,final_consolidated,detail
2025,TAB,N,0.0,final_consolidated,detail
2025,TAB,O,0.0,final_consolidated,detail
2025,TAB,P,8705016.09447282,final_consolidated,detail
2025,TAB,Q,8702404.328467878,final_consolidated,detail
2025,TAB,R,7615909.670411865,final_consolidated,detail
2025,TAB,S,1089106.4240609559,final_consolidated,detail
2025,TAB,T,0.0,final_consolidated,detail
2025,TAB,U,0.0,final_consolidated,detail
2025,TAB,V,0.0,final_consolidated,detail
2026,ABA,A,0.0,final_consolidated,detail
2026,ABA,ALL,447610877.6445045,final_consolidated,region_total
2026,ABA,B,0.0,final_consolidated,detail
2026,ABA,C,0.0,final_consolidated,detail
2026,ABA,D,0.0,final_consolidated,detail
2026,ABA,E,0.0,final_consolidated,detail
2026,ABA,F,0.0,final_consolidated,detail
2026,ABA,G,0.0,final_consolidated,detail
2026,ABA,H,0.0,final_consolidated,detail
2026,ABA,I,0.0,final_consolidated,detail
2026,ABA,J,0.0,final_consolidated,detail
2026,ABA,K,0.0,final_consolidated,detail
2026,ABA,L,0.0,final_consolidated,detail
2026,ABA,M,0.0,final_consolidated,detail
2026,ABA,N,0.0,final_consolidated,detail
2026,ABA,O,0.0,final_consolidated,detail
2026,ABA,P,149203625.8815015,final_consolidated,detail
2026,ABA,Q,149203625.8815015,final_consolidated,detail
2026,ABA,R,129999198.78784288,final_consolidated,detail
2026,ABA,S,19204427.09365861,final_consolidated,detail
2026,ABA,T,0.0,final_consolidated,detail
2026,ABA,U,0.0,final_consolidated,detail
2026,ABA,V,0.0,final_consolidated,detail
2026,AHU,A,0.0,final_consolidated,detail
2026,AHU,ALL,7622016.272947151,final_consolidated,region_total
2026,AHU,B,0.0,final_consolidated,detail
2026,AHU,C,0.0,final_consolidated,detail
2026,AHU,D,0.0,final_consolidated,detail
2026,AHU,E,0.0,final_consolidated,detail
2026,AHU,F,0.0,final_consolidated,detail
2026,AHU,G,0.0,final_consolidated,detail
2026,AHU,H,0.0,final_consolidated,detail
2026,AHU,I,0.0,final_consolidated,detail
2026,AHU,J,0.0,final_consolidated,detail
2026,AHU,K,0.0,final_consolidated,detail
2026,AHU,L,0.0,final_consolidated,detail
2026,AHU,M,0.0,final_consolidated,detail
2026,AHU,N,0.0,final_consolidated,detail
2026,AHU,O,0.0,final_consolidated,detail
2026,AHU,P,2540672.0909823836,final_consolidated,detail
2026,AHU,Q,2540672.0909823836,final_consolidated,detail
2026,AHU,R,2213654.891152968,final_consolidated,detail
2026,AHU,S,327017.1998294157,final_consolidated,detail
2026,AHU,T,0.0,final_consolidated,detail
2026,AHU,U,0.0,final_consolidated,detail
2026,AHU,V,0.0,final_consolidated,detail
2026,AJA,A,0.0,final_consolidated,detail
2026,AJA,ALL,12404467.453599218,final_consolidated,region_total
2026,AJA,B,0.0,final_consolidated,detail
2026,AJA,C,0.0,final_consolidated,detail
2026,AJA,D,0.0,final_consolidated,detail
2026,AJA,E,0.0,final_consolidated,detail
2026,AJA,F,0.0,final_consolidated,detail
2026,AJA,G,0.0,final_consolidated,detail
2026,AJA,H,0.0,final_consolidated,detail
2026,AJA,I,0.0,final_consolidated,detail
2026,AJA,J,0.0,final_consolidated,detail
2026,AJA,K,0.0,final_consolidated,detail
2026,AJA,L,0.0,final_consolidated,detail
2026,AJA,M,0.0,final_consolidated,detail
2026,AJA,N,0.0,final_consolidated,detail
2026,AJA,O,0.0,final_consolidated,detail
2026,AJA,P,4134822.4845330724,final_consolidated,detail
2026,AJA,Q,4134822.4845330724,final_consolidated,detail
2026,AJA,R,3602617.6102862414,final_consolidated,detail
2026,AJA,S,532204.8742468312,final_consolidated,detail
2026,AJA,T,0.0,final_consolidated,detail
2026,AJA,U,0.0,final_consolidated,detail
2026,AJA,V,0.0,final_consolidated,detail
2026,ALL,A,0.0,final_consolidated,sector_total
2026,ALL,ALL,4956950004.55284,final_consolidated,grand_total
2026,ALL,B,0.0,final_consolidated,sector_total
2026,ALL,C,0.0,final_consolidated,sector_total
2026,ALL,D,0.0,final_consolidated,sector_total
2026,ALL,E,0.0,final_consolidated,sector_total
2026,ALL,F,0.0,final_consolidated,sector_total
2026,ALL,G,0.0,final_consolidated,sector_total
2026,ALL,H,0.0,final_consolidated,sector_total
2026,ALL,I,0.0,final_consolidated,sector_total
2026,ALL,J,0.0,final_consolidated,sector_total
2026,ALL,K,0.0,final_consolidated,sector_total
2026,ALL,L,0.0,final_consolidated,sector_total
2026,ALL,M,0.0,final_consolidated,sector_total
2026,ALL,N,0.0,final_consolidated,sector_total
2026,ALL,O,0.0,final_consolidated,sector_total
2026,ALL,P,1652316668.1842802,final_consolidated,sector_total
2026,ALL,Q,1652316668.1842802,final_consolidated,sector_total
2026,ALL,R,1439642245.5466995,final_consolidated,sector_total
2026,ALL,S,212674422.63758063,final_consolidated,sector_total
2026,ALL,T,0.0,final_consolidated,sector_total
2026,ALL,U,0.0,final_consolidated,sector_total
2026,ALL,V,0.0,final_consolidated,sector_total
2026,AMA,A,0.0,final_consolidated,detail
2026,AMA,ALL,1048555495.300321,final_consolidated,region_total
2026,AMA,B,0.0,final_consolidated,detail
2026,AMA,C,0.0,final_consolidated,detail
2026,AMA,D,0.0,final_consolidated,detail
2026,AMA,E,0.0,final_consolidated,detail
2026,AMA,F,0.0,final_consolidated,detail
2026,AMA,G,0.0,final_consolidated,detail
2026,AMA,H,0.0,final_consolidated,detail
2026,AMA,I,0.0,final_consolidated,detail
2026,AMA,J,0.0,final_consolidated,detail
2026,AMA,K,0.0,final_consolidated,detail
2026,AMA,L,0.0,final_consolidated,detail
2026,AMA,M,0.0,final_consolidated,detail
2026,AMA,N,0.0,final_consolidated,detail
2026,AMA,O,0.0,final_consolidated,detail
2026,AMA,P,349518498.4334403,final_consolidated,detail
2026,AMA,Q,349518498.4334403,final_consolidated,detail
2026,AMA,R,304530968.93210644,final_consolidated,detail
2026,AMA,S,44987529.501333915,final_consolidated,detail
2026,AMA,T,0.0,final_consolidated,detail
2026,AMA,U,0.0,final_consolidated,detail
2026,AMA,V,0.0,final_consolidated,detail
2026,AQA,A,0.0,final_consolidated,detail
2026,AQA,ALL,646927813.1536925,final_consolidated,region_total
2026,AQA,B,0.0,final_consolidated,detail
2026,AQA,C,0.0,final_consolidated,detail
2026,AQA,D,0.0,final_consolidated,detail
2026,AQA,E,0.0,final_consolidated,detail
2026,AQA,F,0.0,final_consolidated,detail
2026,AQA,G,0.0,final_consolidated,detail
2026,AQA,H,0.0,final_consolidated,detail
2026,AQA,I,0.0,final_consolidated,detail
2026,AQA,J,0.0,final_consolidated,detail
2026,AQA,K,0.0,final_consolidated,detail
2026,AQA,L,0.0,final_consolidated,detail
2026,AQA,M,0.0,final_consolidated,detail
2026,AQA,N,0.0,final_consolidated,detail
2026,AQA,O,0.0,final_consolidated,detail
2026,AQA,P,215642604.38456416,final_consolidated,detail
2026,AQA,Q,215642604.38456416,final_consolidated,detail
2026,AQA,R,187886625.60239252,final_consolidated,detail
2026,AQA,S,27755978.782171622,final_consolidated,detail
2026,AQA,T,0.0,final_consolidated,detail
2026,AQA,U,0.0,final_consolidated,detail
2026,AQA,V,0.0,final_consolidated,detail
2026,ARI,A,0.0,final_consolidated,detail
2026,ARI,ALL,279685622.9393525,final_consolidated,region_total
2026,ARI,B,0.0,final_consolidated,detail
2026,ARI,C,0.0,final_consolidated,detail
2026,ARI,D,0.0,final_consolidated,detail
2026,ARI,E,0.0,final_consolidated,detail
2026,ARI,F,0.0,final_consolidated,detail
2026,ARI,G,0.0,final_consolidated,detail
2026,ARI,H,0.0,final_consolidated,detail
2026,ARI,I,0.0,final_consolidated,detail
2026,ARI,J,0.0,final_consolidated,detail
2026,ARI,K,0.0,final_consolidated,detail
2026,ARI,L,0.0,final_consolidated,detail
2026,ARI,M,0.0,final_consolidated,detail
2026,ARI,N,0.0,final_consolidated,detail
2026,ARI,O,0.0,final_consolidated,detail
2026,ARI,P,93228540.97978418,final_consolidated,detail
2026,ARI,Q,93228540.97978418,final_consolidated,detail
2026,ARI,R,81228827.7843664,final_consolidated,detail
2026,ARI,S,11999713.195417766,final_consolidated,detail
2026,ARI,T,0.0,final_consolidated,detail
2026,ARI,U,0.0,final_consolidated,detail
2026,ARI,V,0.0,final_consolidated,detail
2026,ASH,A,0.0,final_consolidated,detail
2026,ASH,ALL,663841253.5370051,final_consolidated,region_total
2026,ASH,B,0.0,final_consolidated,detail
2026,ASH,C,0.0,final_consolidated,detail
2026,ASH,D,0.0,final_consolidated,detail
2026,ASH,E,0.0,final_consolidated,detail
2026,ASH,F,0.0,final_consolidated,detail
2026,ASH,G,0.0,final_consolidated,detail
2026,ASH,H,0.0,final_consolidated,detail
2026,ASH,I,0.0,final_consolidated,detail
2026,ASH,J,0.0,final_consolidated,detail
2026,ASH,K,0.0,final_consolidated,detail
2026,ASH,L,0.0,final_consolidated,detail
2026,ASH,M,0.0,final_consolidated,detail
2026,ASH,N,0.0,final_consolidated,detail
2026,ASH,O,0.0,final_consolidated,detail
2026,ASH,P,221280417.84566835,final_consolidated,detail
2026,ASH,Q,221280417.84566835,final_consolidated,detail
2026,ASH,R,192798779.9051368,final_consolidated,detail
2026,ASH,S,28481637.94053157,final_consolidated,detail
2026,ASH,T,0.0,final_consolidated,detail
2026,ASH,U,0.0,final_consolidated,detail
2026,ASH,V,0.0,final_consolidated,detail
2026,ASI,A,0.0,final_consolidated,detail
2026,ASI,ALL,226183745.40598562,final_consolidated,region_total
2026,ASI,B,0.0,final_consolidated,detail
2026,ASI,C,0.0,final_consolidated,detail
2026,ASI,D,0.0,final_consolidated,detail
2026,ASI,E,0.0,final_consolidated,detail
2026,ASI,F,0.0,final_consolidated,detail
2026,ASI,G,0.0,final_consolidated,detail
2026,ASI,H,0.0,final_consolidated,detail
2026,ASI,I,0.0,final_consolidated,detail
2026,ASI,J,0.0,final_consolidated,detail
2026,ASI,K,0.0,final_consolidated,detail
2026,ASI,L,0.0,final_consolidated,detail
2026,ASI,M,0.0,final_consolidated,detail
2026,ASI,N,0.0,final_consolidated,detail
2026,ASI,O,0.0,final_consolidated,detail
2026,ASI,P,75394581.8019952,final_consolidated,detail
2026,ASI,Q,75394581.8019952,final_consolidated,detail
2026,ASI,R,65690328.6987681,final_consolidated,detail
2026,ASI,S,9704253.103227105,final_consolidated,detail
2026,ASI,T,0.0,final_consolidated,detail
2026,ASI,U,0.0,final_consolidated,detail
2026,ASI,V,0.0,final_consolidated,detail
2026,HAI,A,0.0,final_consolidated,detail
2026,HAI,ALL,636521008.5678508,final_consolidated,region_total
2026,HAI,B,0.0,final_consolidated,detail
2026,HAI,C,0.0,final_consolidated,detail
2026,HAI,D,0.0,final_consolidated,detail
2026,HAI,E,0.0,final_consolidated,detail
2026,HAI,F,0.0,final_consolidated,detail
2026,HAI,G,0.0,final_consolidated,detail
2026,HAI,H,0.0,final_consolidated,detail
2026,HAI,I,0.0,final_consolidated,detail
2026,HAI,J,0.0,final_consolidated,detail
2026,HAI,K,0.0,final_consolidated,detail
2026,HAI,L,0.0,final_consolidated,detail
2026,HAI,M,0.0,final_consolidated,detail
2026,HAI,N,0.0,final_consolidated,detail
2026,HAI,O,0.0,final_consolidated,detail
2026,HAI,P,212173669.52261695,final_consolidated,detail
2026,HAI,Q,212173669.52261695,final_consolidated,detail
2026,HAI,R,184864187.30683458,final_consolidated,detail
2026,HAI,S,27309482.21578238,final_consolidated,detail
2026,HAI,T,0.0,final_consolidated,detail
2026,HAI,U,0.0,final_consolidated,detail
2026,HAI,V,0.0,final_consolidated,detail
2026,JAZ,A,0.0,final_consolidated,detail
2026,JAZ,ALL,40652978.214339696,final_consolidated,region_total
2026,JAZ,B,0.0,final_consolidated,detail
2026,JAZ,C,0.0,final_consolidated,detail
2026,JAZ,D,0.0,final_consolidated,detail
2026,JAZ,E,0.0,final_consolidated,detail
2026,JAZ,F,0.0,final_consolidated,detail
2026,JAZ,G,0.0,final_consolidated,detail
2026,JAZ,H,0.0,final_consolidated,detail
2026,JAZ,I,0.0,final_consolidated,detail
2026,JAZ,J,0.0,final_consolidated,detail
2026,JAZ,K,0.0,final_consolidated,detail
2026,JAZ,L,0.0,final_consolidated,detail
2026,JAZ,M,0.0,final_consolidated,detail
2026,JAZ,N,0.0,final_consolidated,detail
2026,JAZ,O,0.0,final_consolidated,detail
2026,JAZ,P,13550992.738113232,final_consolidated,detail
2026,JAZ,Q,13550992.738113232,final_consolidated,detail
2026,JAZ,R,11806805.553999647,final_consolidated,detail
2026,JAZ,S,1744187.1841135845,final_consolidated,detail
2026,JAZ,T,0.0,final_consolidated,detail
2026,JAZ,U,0.0,final_consolidated,detail
2026,JAZ,V,0.0,final_consolidated,detail
2026,MAK,A,0.0,final_consolidated,detail
2026,MAK,ALL,44261765.496392466,final_consolidated,region_total
2026,MAK,B,0.0,final_consolidated,detail
2026,MAK,C,0.0,final_consolidated,detail
2026,MAK,D,0.0,final_consolidated,detail
2026,MAK,E,0.0,final_consolidated,detail
2026,MAK,F,0.0,final_consolidated,detail
2026,MAK,G,0.0,final_consolidated,detail
2026,MAK,H,0.0,final_consolidated,detail
2026,MAK,I,0.0,final_consolidated,detail
2026,MAK,J,0.0,final_consolidated,detail
2026,MAK,K,0.0,final_consolidated,detail
2026,MAK,L,0.0,final_consolidated,detail
2026,MAK,M,0.0,final_consolidated,detail
2026,MAK,N,0.0,final_consolidated,detail
2026,MAK,O,0.0,final_consolidated,detail
2026,MAK,P,14753921.832130821,final_consolidated,detail
2026,MAK,Q,14753921.832130821,final_consolidated,detail
2026,MAK,R,12854902.19037141,final_consolidated,detail
2026,MAK,S,1899019.6417594128,final_consolidated,detail
2026,MAK,T,0.0,final_consolidated,detail
2026,MAK,U,0.0,final_consolidated,detail
2026,MAK,V,0.0,final_consolidated,detail
2026,NAJ,A,0.0,final_consolidated,detail
2026,NAJ,ALL,872869244.411465,final_consolidated,region_total
2026,NAJ,B,0.0,final_consolidated,detail
2026,NAJ,C,0.0,final_consolidated,detail
2026,NAJ,D,0.0,final_consolidated,detail
2026,NAJ,E,0.0,final_consolidated,detail
2026,NAJ,F,0.0,final_consolidated,detail
2026,NAJ,G,0.0,final_consolidated,detail
2026,NAJ,H,0.0,final_consolidated,detail
2026,NAJ,I,0.0,final_consolidated,detail
2026,NAJ,J,0.0,final_consolidated,detail
2026,NAJ,K,0.0,final_consolidated,detail
2026,NAJ,L,0.0,final_consolidated,detail
2026,NAJ,M,0.0,final_consolidated,detail
2026,NAJ,N,0.0,final_consolidated,detail
2026,NAJ,O,0.0,final_consolidated,detail
2026,NAJ,P,290956414.8038217,final_consolidated,detail
2026,NAJ,Q,290956414.8038217,final_consolidated,detail
2026,NAJ,R,253506579.23501295,final_consolidated,detail
2026,NAJ,S,37449835.568808734,final_consolidated,detail
2026,NAJ,T,0.0,final_consolidated,detail
2026,NAJ,U,0.0,final_consolidated,detail
2026,NAJ,V,0.0,final_consolidated,detail
2026,TAB,A,0.0,final_consolidated,detail
2026,TAB,ALL,29813716.155385014,final_consolidated,region_total
2026,TAB,B,0.0,final_consolidated,detail
2026,TAB,C,0.0,final_consolidated,detail
2026,TAB,D,0.0,final_consolidated,detail
2026,TAB,E,0.0,final_consolidated,detail
2026,TAB,F,0.0,final_consolidated,detail
2026,TAB,G,0.0,final_consolidated,detail
2026,TAB,H,0.0,final_consolidated,detail
2026,TAB,I,0.0,final_consolidated,detail
2026,TAB,J,0.0,final_consolidated,detail
2026,TAB,K,0.0,final_consolidated,detail
2026,TAB,L,0.0,final_consolidated,detail
2026,TAB,M,0.0,final_consolidated,detail
2026,TAB,N,0.0,final_consolidated,detail
2026,TAB,O,0.0,final_consolidated,detail
2026,TAB,P,9937905.385128338,final_consolidated,detail
2026,TAB,Q,9937905.385128338,final_consolidated,detail
2026,TAB,R,8658769.048428651,final_consolidated,detail
2026,TAB,S,1279136.3366996872,final_consolidated,detail
2026,TAB,T,0.0,final_consolidated,detail
2026,TAB,U,0.0,final_consolidated,detail
2026,TAB,V,0.0,final_consolidated,detail
2027,ABA,A,0.0,final_consolidated,detail
2027,ABA,ALL,494638081.21544874,final_consolidated,region_total
2027,ABA,B,0.0,final_consolidated,detail
2027,ABA,C,0.0,final_consolidated,detail
2027,ABA,D,0.0,final_consolidated,detail
2027,ABA,E,0.0,final_consolidated,detail
2027,ABA,F,0.0,final_consolidated,detail
2027,ABA,G,0.0,final_consolidated,detail
2027,ABA,H,0.0,final_consolidated,detail
2027,ABA,I,0.0,final_consolidated,detail
2027,ABA,J,0.0,final_consolidated,detail
2027,ABA,K,0.0,final_consolidated,detail
2027,ABA,L,0.0,final_consolidated,detail
2027,ABA,M,0.0,final_consolidated,detail
2027,ABA,N,0.0,final_consolidated,detail
2027,ABA,O,0.0,final_consolidated,detail
2027,ABA,P,164895851.63943693,final_consolidated,detail
2027,ABA,Q,164895851.63943693,final_consolidated,detail
2027,ABA,R,143028474.97438112,final_consolidated,detail
2027,ABA,S,21817902.962193727,final_consolidated,detail
2027,ABA,T,0.0,final_consolidated,detail
2027,ABA,U,0.0,final_consolidated,detail
2027,ABA,V,0.0,final_consolidated,detail
2027,AHU,A,0.0,final_consolidated,detail
2027,AHU,ALL,8422805.817596272,final_consolidated,region_total
2027,AHU,B,0.0,final_consolidated,detail
2027,AHU,C,0.0,final_consolidated,detail
2027,AHU,D,0.0,final_consolidated,detail
2027,AHU,E,0.0,final_consolidated,detail
2027,AHU,F,0.0,final_consolidated,detail
2027,AHU,G,0.0,final_consolidated,detail
2027,AHU,H,0.0,final_consolidated,detail
2027,AHU,I,0.0,final_consolidated,detail
2027,AHU,J,0.0,final_consolidated,detail
2027,AHU,K,0.0,final_consolidated,detail
2027,AHU,L,0.0,final_consolidated,detail
2027,AHU,M,0.0,final_consolidated,detail
2027,AHU,N,0.0,final_consolidated,detail
2027,AHU,O,0.0,final_consolidated,detail
2027,AHU,P,2807882.7555559482,final_consolidated,detail
2027,AHU,Q,2807882.7555559482,final_consolidated,detail
2027,AHU,R,2435520.265920266,final_consolidated,detail
2027,AHU,S,371520.04056410835,final_consolidated,detail
2027,AHU,T,0.0,final_consolidated,detail
2027,AHU,U,0.0,final_consolidated,detail
2027,AHU,V,0.0,final_consolidated,detail
2027,AJA,A,0.0,final_consolidated,detail
2027,AJA,ALL,13707714.191478679,final_consolidated,region_total
2027,AJA,B,0.0,final_consolidated,detail
2027,AJA,C,0.0,final_consolidated,detail
2027,AJA,D,0.0,final_consolidated,detail
2027,AJA,E,0.0,final_consolidated,detail
2027,AJA,F,0.0,final_consolidated,detail
2027,AJA,G,0.0,final_consolidated,detail
2027,AJA,H,0.0,final_consolidated,detail
2027,AJA,I,0.0,final_consolidated,detail
2027,AJA,J,0.0,final_consolidated,detail
2027,AJA,K,0.0,final_consolidated,detail
2027,AJA,L,0.0,final_consolidated,detail
2027,AJA,M,0.0,final_consolidated,detail
2027,AJA,N,0.0,final_consolidated,detail
2027,AJA,O,0.0,final_consolidated,detail
2027,AJA,P,4569695.079035651,final_consolidated,detail
2027,AJA,Q,4569695.079035651,final_consolidated,detail
2027,AJA,R,3963692.911338754,final_consolidated,detail
2027,AJA,S,604631.1220686234,final_consolidated,detail
2027,AJA,T,0.0,final_consolidated,detail
2027,AJA,U,0.0,final_consolidated,detail
2027,AJA,V,0.0,final_consolidated,detail
2027,ALL,A,0.0,final_consolidated,sector_total
2027,ALL,ALL,5477740513.893943,final_consolidated,grand_total
2027,ALL,B,0.0,final_consolidated,sector_total
2027,ALL,C,0.0,final_consolidated,sector_total
2027,ALL,D,0.0,final_consolidated,sector_total
2027,ALL,E,0.0,final_consolidated,sector_total
2027,ALL,F,0.0,final_consolidated,sector_total
2027,ALL,G,0.0,final_consolidated,sector_total
2027,ALL,H,0.0,final_consolidated,sector_total
2027,ALL,I,0.0,final_consolidated,sector_total
2027,ALL,J,0.0,final_consolidated,sector_total
2027,ALL,K,0.0,final_consolidated,sector_total
2027,ALL,L,0.0,final_consolidated,sector_total
2027,ALL,M,0.0,final_consolidated,sector_total
2027,ALL,N,0.0,final_consolidated,sector_total
2027,ALL,O,0.0,final_consolidated,sector_total
2027,ALL,P,1826096132.5073526,final_consolidated,sector_total
2027,ALL,Q,1826096132.5073526,final_consolidated,sector_total
2027,ALL,R,1583931568.8805153,final_consolidated,sector_total
2027,ALL,S,241616679.99872264,final_consolidated,sector_total
2027,ALL,T,0.0,final_consolidated,sector_total
2027,ALL,U,0.0,final_consolidated,sector_total
2027,ALL,V,0.0,final_consolidated,sector_total
2027,AMA,A,0.0,final_consolidated,detail
2027,AMA,ALL,1158719557.872731,final_consolidated,region_total
2027,AMA,B,0.0,final_consolidated,detail
2027,AMA,C,0.0,final_consolidated,detail
2027,AMA,D,0.0,final_consolidated,detail
2027,AMA,E,0.0,final_consolidated,detail
2027,AMA,F,0.0,final_consolidated,detail
2027,AMA,G,0.0,final_consolidated,detail
2027,AMA,H,0.0,final_consolidated,detail
2027,AMA,I,0.0,final_consolidated,detail
2027,AMA,J,0.0,final_consolidated,detail
2027,AMA,K,0.0,final_consolidated,detail
2027,AMA,L,0.0,final_consolidated,detail
2027,AMA,M,0.0,final_consolidated,detail
2027,AMA,N,0.0,final_consolidated,detail
2027,AMA,O,0.0,final_consolidated,detail
2027,AMA,P,386278484.3358484,final_consolidated,detail
2027,AMA,Q,386278484.3358484,final_consolidated,detail
2027,AMA,R,335052834.74795616,final_consolidated,detail
2027,AMA,S,51109754.453078054,final_consolidated,detail
2027,AMA,T,0.0,final_consolidated,detail
2027,AMA,U,0.0,final_consolidated,detail
2027,AMA,V,0.0,final_consolidated,detail
2027,AQA,A,0.0,final_consolidated,detail
2027,AQA,ALL,714895790.4400862,final_consolidated,region_total
2027,AQA,B,0.0,final_consolidated,detail
2027,AQA,C,0.0,final_consolidated,detail
2027,AQA,D,0.0,final_consolidated,detail
2027,AQA,E,0.0,final_consolidated,detail
2027,AQA,F,0.0,final_consolidated,detail
2027,AQA,G,0.0,final_consolidated,detail
2027,AQA,H,0.0,final_consolidated,detail
2027,AQA,I,0.0,final_consolidated,detail
2027,AQA,J,0.0,final_consolidated,detail
2027,AQA,K,0.0,final_consolidated,detail
2027,AQA,L,0.0,final_consolidated,detail
2027,AQA,M,0.0,final_consolidated,detail
2027,AQA,N,0.0,final_consolidated,detail
2027,AQA,O,0.0,final_consolidated,detail
2027,AQA,P,238322431.43996873,final_consolidated,detail
2027,AQA,Q,238322431.43996873,final_consolidated,detail
2027,AQA,R,206717716.55954084,final_consolidated,detail
2027,AQA,S,31533211.000607923,final_consolidated,detail
2027,AQA,T,0.0,final_consolidated,detail
2027,AQA,U,0.0,final_consolidated,detail
2027,AQA,V,0.0,final_consolidated,detail
2027,ARI,A,0.0,final_consolidated,detail
2027,ARI,ALL,309070147.2722963,final_consolidated,region_total
2027,ARI,B,0.0,final_consolidated,detail
2027,ARI,C,0.0,final_consolidated,detail
2027,ARI,D,0.0,final_consolidated,detail
2027,ARI,E,0.0,final_consolidated,detail
2027,ARI,F,0.0,final_consolidated,detail
2027,ARI,G,0.0,final_consolidated,detail
2027,ARI,H,0.0,final_consolidated,detail
2027,ARI,I,0.0,final_consolidated,detail
2027,ARI,J,0.0,final_consolidated,detail
2027,ARI,K,0.0,final_consolidated,detail
2027,ARI,L,0.0,final_consolidated,detail
2027,ARI,M,0.0,final_consolidated,detail
2027,ARI,N,0.0,final_consolidated,detail
2027,ARI,O,0.0,final_consolidated,detail
2027,ARI,P,103033686.823221,final_consolidated,detail
2027,ARI,Q,103033686.823221,final_consolidated,detail
2027,ARI,R,89370053.58713831,final_consolidated,detail
2027,ARI,S,13632720.03871601,final_consolidated,detail
2027,ARI,T,0.0,final_consolidated,detail
2027,ARI,U,0.0,final_consolidated,detail
2027,ARI,V,0.0,final_consolidated,detail
2027,ASH,A,0.0,final_consolidated,detail
2027,ASH,ALL,733586202.3933855,final_consolidated,region_total
2027,ASH,B,0.0,final_consolidated,detail
2027,ASH,C,0.0,final_consolidated,detail
2027,ASH,D,0.0,final_consolidated,detail
2027,ASH,E,0.0,final_consolidated,detail
2027,ASH,F,0.0,final_consolidated,detail
2027,ASH,G,0.0,final_consolidated,detail
2027,ASH,H,0.0,final_consolidated,detail
2027,ASH,I,0.0,final_consolidated,detail
2027,ASH,J,0.0,final_consolidated,detail
2027,ASH,K,0.0,final_consolidated,detail
2027,ASH,L,0.0,final_consolidated,detail
2027,ASH,M,0.0,final_consolidated,detail
2027,ASH,N,0.0,final_consolidated,detail
2027,ASH,O,0.0,final_consolidated,detail
2027,ASH,P,244553191.8960946,final_consolidated,detail
2027,ASH,Q,244553191.8960946,final_consolidated,detail
2027,ASH,R,212122195.55103797,final_consolidated,detail
2027,ASH,S,32357623.050158333,final_consolidated,detail
2027,ASH,T,0.0,final_consolidated,detail
2027,ASH,U,0.0,final_consolidated,detail
2027,ASH,V,0.0,final_consolidated,detail
2027,ASI,A,0.0,final_consolidated,detail
2027,ASI,ALL,249947218.48246816,final_consolidated,region_total
2027,ASI,B,0.0,final_consolidated,detail
2027,ASI,C,0.0,final_consolidated,detail
2027,ASI,D,0.0,final_consolidated,detail
2027,ASI,E,0.0,final_consolidated,detail
2027,ASI,F,0.0,final_consolidated,detail
2027,ASI,G,0.0,final_consolidated,detail
2027,ASI,H,0.0,final_consolidated,detail
2027,ASI,I,0.0,final_consolidated,detail
2027,ASI,J,0.0,final_consolidated,detail
2027,ASI,K,0.0,final_consolidated,detail
2027,ASI,L,0.0,final_consolidated,detail
2027,ASI,M,0.0,final_consolidated,detail
2027,ASI,N,0.0,final_consolidated,detail
2027,ASI,O,0.0,final_consolidated,detail
2027,ASI,P,83324072.73475358,final_consolidated,detail
2027,ASI,Q,83324072.73475358,final_consolidated,detail
2027,ASI,R,72274195.70242204,final_consolidated,detail
2027,ASI,S,11024877.310538953,final_consolidated,detail
2027,ASI,T,0.0,final_consolidated,detail
2027,ASI,U,0.0,final_consolidated,detail
2027,ASI,V,0.0,final_consolidated,detail
2027,HAI,A,0.0,final_consolidated,detail
2027,HAI,ALL,703395618.9540547,final_consolidated,region_total
2027,HAI,B,0.0,final_consolidated,detail
2027,HAI,C,0.0,final_consolidated,detail
2027,HAI,D,0.0,final_consolidated,detail
2027,HAI,E,0.0,final_consolidated,detail
2027,HAI,F,0.0,final_consolidated,detail
2027,HAI,G,0.0,final_consolidated,detail
2027,HAI,H,0.0,final_consolidated,detail
2027,HAI,I,0.0,final_consolidated,detail
2027,HAI,J,0.0,final_consolidated,detail
2027,HAI,K,0.0,final_consolidated,detail
2027,HAI,L,0.0,final_consolidated,detail
2027,HAI,M,0.0,final_consolidated,detail
2027,HAI,N,0.0,final_consolidated,detail
2027,HAI,O,0.0,final_consolidated,detail
2027,HAI,P,234488657.52889222,final_consolidated,detail
2027,HAI,Q,234488657.52889222,final_consolidated,detail
2027,HAI,R,203392351.90999925,final_consolidated,detail
2027,HAI,S,31025951.986271072,final_consolidated,detail
2027,HAI,T,0.0,final_consolidated,detail
2027,HAI,U,0.0,final_consolidated,detail
2027,HAI,V,0.0,final_consolidated,detail
2027,JAZ,A,0.0,final_consolidated,detail
2027,JAZ,ALL,44924089.524930485,final_consolidated,region_total
2027,JAZ,B,0.0,final_consolidated,detail
2027,JAZ,C,0.0,final_consolidated,detail
2027,JAZ,D,0.0,final_consolidated,detail
2027,JAZ,E,0.0,final_consolidated,detail
2027,JAZ,F,0.0,final_consolidated,detail
2027,JAZ,G,0.0,final_consolidated,detail
2027,JAZ,H,0.0,final_consolidated,detail
2027,JAZ,I,0.0,final_consolidated,detail
2027,JAZ,J,0.0,final_consolidated,detail
2027,JAZ,K,0.0,final_consolidated,detail
2027,JAZ,L,0.0,final_consolidated,detail
2027,JAZ,M,0.0,final_consolidated,detail
2027,JAZ,N,0.0,final_consolidated,detail
2027,JAZ,O,0.0,final_consolidated,detail
2027,JAZ,P,14976194.277514832,final_consolidated,detail
2027,JAZ,Q,14976194.277514832,final_consolidated,detail
2027,JAZ,R,12990152.312119829,final_consolidated,detail
2027,JAZ,S,1981548.6577809902,final_consolidated,detail
2027,JAZ,T,0.0,final_consolidated,detail
2027,JAZ,U,0.0,final_consolidated,detail
2027,JAZ,V,0.0,final_consolidated,detail
2027,MAK,A,0.0,final_consolidated,detail
2027,MAK,ALL,48912025.71205548,final_consolidated,region_total
2027,MAK,B,0.0,final_consolidated,detail
2027,MAK,C,0.0,final_consolidated,detail
2027,MAK,D,0.0,final_consolidated,detail
2027,MAK,E,0.0,final_consolidated,detail
2027,MAK,F,0.0,final_consolidated,detail
2027,MAK,G,0.0,final_consolidated,detail
2027,MAK,H,0.0,final_consolidated,detail
2027,MAK,I,0.0,final_consolidated,detail
2027,MAK,J,0.0,final_consolidated,detail
2027,MAK,K,0.0,final_consolidated,detail
2027,MAK,L,0.0,final_consolidated,detail
2027,MAK,M,0.0,final_consolidated,detail
2027,MAK,N,0.0,final_consolidated,detail
2027,MAK,O,0.0,final_consolidated,detail
2027,MAK,P,16305639.29768763,final_consolidated,detail
2027,MAK,Q,16305639.29768763,final_consolidated,detail
2027,MAK,R,14143295.292413723,final_consolidated,detail
2027,MAK,S,2157451.8242665003,final_consolidated,detail
2027,MAK,T,0.0,final_consolidated,detail
2027,MAK,U,0.0,final_consolidated,detail
2027,MAK,V,0.0,final_consolidated,detail
2027,NAJ,A,0.0,final_consolidated,detail
2027,NAJ,ALL,964575236.5977303,final_consolidated,region_total
2027,NAJ,B,0.0,final_consolidated,detail
2027,NAJ,C,0.0,final_consolidated,detail
2027,NAJ,D,0.0,final_consolidated,detail
2027,NAJ,E,0.0,final_consolidated,detail
2027,NAJ,F,0.0,final_consolidated,detail
2027,NAJ,G,0.0,final_consolidated,detail
2027,NAJ,H,0.0,final_consolidated,detail
2027,NAJ,I,0.0,final_consolidated,detail
2027,NAJ,J,0.0,final_consolidated,detail
2027,NAJ,K,0.0,final_consolidated,detail
2027,NAJ,L,0.0,final_consolidated,detail
2027,NAJ,M,0.0,final_consolidated,detail
2027,NAJ,N,0.0,final_consolidated,detail
2027,NAJ,O,0.0,final_consolidated,detail
2027,NAJ,P,321557237.8055846,final_consolidated,detail
2027,NAJ,Q,321557237.8055846,final_consolidated,detail
2027,NAJ,R,278914483.7971633,final_consolidated,detail
2027,NAJ,S,42546277.18939779,final_consolidated,detail
2027,NAJ,T,0.0,final_consolidated,detail
2027,NAJ,U,0.0,final_consolidated,detail
2027,NAJ,V,0.0,final_consolidated,detail
2027,TAB,A,0.0,final_consolidated,detail
2027,TAB,ALL,32946025.419681218,final_consolidated,region_total
2027,TAB,B,0.0,final_consolidated,detail
2027,TAB,C,0.0,final_consolidated,detail
2027,TAB,D,0.0,final_consolidated,detail
2027,TAB,E,0.0,final_consolidated,detail
2027,TAB,F,0.0,final_consolidated,detail
2027,TAB,G,0.0,final_consolidated,detail
2027,TAB,H,0.0,final_consolidated,detail
2027,TAB,I,0.0,final_consolidated,detail
2027,TAB,J,0.0,final_consolidated,detail
2027,TAB,K,0.0,final_consolidated,detail
2027,TAB,L,0.0,final_consolidated,detail
2027,TAB,M,0.0,final_consolidated,detail
2027,TAB,N,0.0,final_consolidated,detail
2027,TAB,O,0.0,final_consolidated,detail
2027,TAB,P,10983106.8937585,final_consolidated,detail
2027,TAB,Q,10983106.8937585,final_consolidated,detail
2027,TAB,R,9526601.269083658,final_consolidated,detail
2027,TAB,S,1453210.363080558,final_consolidated,detail
2027,TAB,T,0.0,final_consolidated,detail
2027,TAB,U,0.0,final_consolidated,detail
2027,TAB,V,0.0,final_consolidated,detail
2028,ABA,A,0.0,final_consolidated,detail
2028,ABA,ALL,537023359.63839,final_consolidated,region_total
2028,ABA,B,0.0,final_consolidated,detail
2028,ABA,C,0.0,final_consolidated,detail
2028,ABA,D,0.0,final_consolidated,detail
2028,ABA,E,0.0,final_consolidated,detail
2028,ABA,F,0.0,final_consolidated,detail
2028,ABA,G,0.0,final_consolidated,detail
2028,ABA,H,0.0,final_consolidated,detail
2028,ABA,I,0.0,final_consolidated,detail
2028,ABA,J,0.0,final_consolidated,detail
2028,ABA,K,0.0,final_consolidated,detail
2028,ABA,L,0.0,final_consolidated,detail
2028,ABA,M,0.0,final_consolidated,detail
2028,ABA,N,0.0,final_consolidated,detail
2028,ABA,O,0.0,final_consolidated,detail
2028,ABA,P,179007786.54612997,final_consolidated,detail
2028,ABA,Q,179007786.54612997,final_consolidated,detail
2028,ABA,R,154570779.98192683,final_consolidated,detail
2028,ABA,S,24437006.56420316,final_consolidated,detail
2028,ABA,T,0.0,final_consolidated,detail
2028,ABA,U,0.0,final_consolidated,detail
2028,ABA,V,0.0,final_consolidated,detail
2028,AHU,A,0.0,final_consolidated,detail
2028,AHU,ALL,9144551.641945139,final_consolidated,region_total
2028,AHU,B,0.0,final_consolidated,detail
2028,AHU,C,0.0,final_consolidated,detail
2028,AHU,D,0.0,final_consolidated,detail
2028,AHU,E,0.0,final_consolidated,detail
2028,AHU,F,0.0,final_consolidated,detail
2028,AHU,G,0.0,final_consolidated,detail
2028,AHU,H,0.0,final_consolidated,detail
2028,AHU,I,0.0,final_consolidated,detail
2028,AHU,J,0.0,final_consolidated,detail
2028,AHU,K,0.0,final_consolidated,detail
2028,AHU,L,0.0,final_consolidated,detail
2028,AHU,M,0.0,final_consolidated,detail
2028,AHU,N,0.0,final_consolidated,detail
2028,AHU,O,0.0,final_consolidated,detail
2028,AHU,P,3048183.880648379,final_consolidated,detail
2028,AHU,Q,3048183.880648379,final_consolidated,detail
2028,AHU,R,2632065.1690687183,final_consolidated,detail
2028,AHU,S,416118.71157966176,final_consolidated,detail
2028,AHU,T,0.0,final_consolidated,detail
2028,AHU,U,0.0,final_consolidated,detail
2028,AHU,V,0.0,final_consolidated,detail
2028,AJA,A,0.0,final_consolidated,detail
2028,AJA,ALL,14882321.04972997,final_consolidated,region_total
2028,AJA,B,0.0,final_consolidated,detail
2028,AJA,C,0.0,final_consolidated,detail
2028,AJA,D,0.0,final_consolidated,detail
2028,AJA,E,0.0,final_consolidated,detail
2028,AJA,F,0.0,final_consolidated,detail
2028,AJA,G,0.0,final_consolidated,detail
2028,AJA,H,0.0,final_consolidated,detail
2028,AJA,I,0.0,final_consolidated,detail
2028,AJA,J,0.0,final_consolidated,detail
2028,AJA,K,0.0,final_consolidated,detail
2028,AJA,L,0.0,final_consolidated,detail
2028,AJA,M,0.0,final_consolidated,detail
2028,AJA,N,0.0,final_consolidated,detail
2028,AJA,O,0.0,final_consolidated,detail
2028,AJA,P,4960773.683243323,final_consolidated,detail
2028,AJA,Q,4960773.683243323,final_consolidated,detail
2028,AJA,R,4283560.3541477,final_consolidated,detail
2028,AJA,S,677213.3290956232,final_consolidated,detail
2028,AJA,T,0.0,final_consolidated,detail
2028,AJA,U,0.0,final_consolidated,detail
2028,AJA,V,0.0,final_consolidated,detail
2028,ALL,A,0.0,final_consolidated,sector_total
2028,ALL,ALL,5947125232.999084,final_consolidated,grand_total
2028,ALL,B,0.0,final_consolidated,sector_total
2028,ALL,C,0.0,final_consolidated,sector_total
2028,ALL,D,0.0,final_consolidated,sector_total
2028,ALL,E,0.0,final_consolidated,sector_total
2028,ALL,F,0.0,final_consolidated,sector_total
2028,ALL,G,0.0,final_consolidated,sector_total
2028,ALL,H,0.0,final_consolidated,sector_total
2028,ALL,I,0.0,final_consolidated,sector_total
2028,ALL,J,0.0,final_consolidated,sector_total
2028,ALL,K,0.0,final_consolidated,sector_total
2028,ALL,L,0.0,final_consolidated,sector_total
2028,ALL,M,0.0,final_consolidated,sector_total
2028,ALL,N,0.0,final_consolidated,sector_total
2028,ALL,O,0.0,final_consolidated,sector_total
2028,ALL,P,1982375077.6663616,final_consolidated,sector_total
2028,ALL,Q,1982375077.6663616,final_consolidated,sector_total
2028,ALL,R,1711753817.4388804,final_consolidated,sector_total
2028,ALL,S,270621260.2274811,final_consolidated,sector_total
2028,ALL,T,0.0,final_consolidated,sector_total
2028,ALL,U,0.0,final_consolidated,sector_total
2028,ALL,V,0.0,final_consolidated,sector_total
2028,AMA,A,0.0,final_consolidated,detail
2028,AMA,ALL,1258009630.6343367,final_consolidated,region_total
2028,AMA,B,0.0,final_consolidated,detail
2028,AMA,C,0.0,final_consolidated,detail
2028,AMA,D,0.0,final_consolidated,detail
2028,AMA,E,0.0,final_consolidated,detail
2028,AMA,F,0.0,final_consolidated,detail
2028,AMA,G,0.0,final_consolidated,detail
2028,AMA,H,0.0,final_consolidated,detail
2028,AMA,I,0.0,final_consolidated,detail
2028,AMA,J,0.0,final_consolidated,detail
2028,AMA,K,0.0,final_consolidated,detail
2028,AMA,L,0.0,final_consolidated,detail
2028,AMA,M,0.0,final_consolidated,detail
2028,AMA,N,0.0,final_consolidated,detail
2028,AMA,O,0.0,final_consolidated,detail
2028,AMA,P,419336543.54477894,final_consolidated,detail
2028,AMA,Q,419336543.54477894,final_consolidated,detail
2028,AMA,R,362091380.83464557,final_consolidated,detail
2028,AMA,S,57245162.71013334,final_consolidated,detail
2028,AMA,T,0.0,final_consolidated,detail
2028,AMA,U,0.0,final_consolidated,detail
2028,AMA,V,0.0,final_consolidated,detail
2028,AQA,A,0.0,final_consolidated,detail
2028,AQA,ALL,776154836.744678,final_consolidated,region_total
2028,AQA,B,0.0,final_consolidated,detail
2028,AQA,C,0.0,final_consolidated,detail
2028,AQA,D,0.0,final_consolidated,detail
2028,AQA,E,0.0,final_consolidated,detail
2028,AQA,F,0.0,final_consolidated,detail
2028,AQA,G,0.0,final_consolidated,detail
2028,AQA,H,0.0,final_consolidated,detail
2028,AQA,I,0.0,final_consolidated,detail
2028,AQA,J,0.0,final_consolidated,detail
2028,AQA,K,0.0,final_consolidated,detail
2028,AQA,L,0.0,final_consolidated,detail
2028,AQA,M,0.0,final_consolidated,detail
2028,AQA,N,0.0,final_consolidated,detail
2028,AQA,O,0.0,final_consolidated,detail
2028,AQA,P,258718278.91489267,final_consolidated,detail
2028,AQA,Q,258718278.91489267,final_consolidated,detail
2028,AQA,R,223399701.98531687,final_consolidated,detail
2028,AQA,S,35318576.92957581,final_consolidated,detail
2028,AQA,T,0.0,final_consolidated,detail
2028,AQA,U,0.0,final_consolidated,detail
2028,AQA,V,0.0,final_consolidated,detail
2028,ARI,A,0.0,final_consolidated,detail
2028,ARI,ALL,335554206.51044816,final_consolidated,region_total
2028,ARI,B,0.0,final_consolidated,detail
2028,ARI,C,0.0,final_consolidated,detail
2028,ARI,D,0.0,final_consolidated,detail
2028,ARI,E,0.0,final_consolidated,detail
2028,ARI,F,0.0,final_consolidated,detail
2028,ARI,G,0.0,final_consolidated,detail
2028,ARI,H,0.0,final_consolidated,detail
2028,ARI,I,0.0,final_consolidated,detail
2028,ARI,J,0.0,final_consolidated,detail
2028,ARI,K,0.0,final_consolidated,detail
2028,ARI,L,0.0,final_consolidated,detail
2028,ARI,M,0.0,final_consolidated,detail
2028,ARI,N,0.0,final_consolidated,detail
2028,ARI,O,0.0,final_consolidated,detail
2028,ARI,P,111851402.17014939,final_consolidated,detail
2028,ARI,Q,111851402.17014939,final_consolidated,detail
2028,ARI,R,96582158.84959194,final_consolidated,detail
2028,ARI,S,15269243.320557447,final_consolidated,detail
2028,ARI,T,0.0,final_consolidated,detail
2028,ARI,U,0.0,final_consolidated,detail
2028,ARI,V,0.0,final_consolidated,detail
2028,ASH,A,0.0,final_consolidated,detail
2028,ASH,ALL,796446820.3208766,final_consolidated,region_total
2028,ASH,B,0.0,final_consolidated,detail
2028,ASH,C,0.0,final_consolidated,detail
2028,ASH,D,0.0,final_consolidated,detail
2028,ASH,E,0.0,final_consolidated,detail
2028,ASH,F,0.0,final_consolidated,detail
2028,ASH,G,0.0,final_consolidated,detail
2028,ASH,H,0.0,final_consolidated,detail
2028,ASH,I,0.0,final_consolidated,detail
2028,ASH,J,0.0,final_consolidated,detail
2028,ASH,K,0.0,final_consolidated,detail
2028,ASH,L,0.0,final_consolidated,detail
2028,ASH,M,0.0,final_consolidated,detail
2028,ASH,N,0.0,final_consolidated,detail
2028,ASH,O,0.0,final_consolidated,detail
2028,ASH,P,265482273.4402922,final_consolidated,detail
2028,ASH,Q,265482273.4402922,final_consolidated,detail
2028,ASH,R,229240318.92024034,final_consolidated,detail
2028,ASH,S,36241954.5200519,final_consolidated,detail
2028,ASH,T,0.0,final_consolidated,detail
2028,ASH,U,0.0,final_consolidated,detail
2028,ASH,V,0.0,final_consolidated,detail
2028,ASI,A,0.0,final_consolidated,detail
2028,ASI,ALL,271365064.88116604,final_consolidated,region_total
2028,ASI,B,0.0,final_consolidated,detail
2028,ASI,C,0.0,final_consolidated,detail
2028,ASI,D,0.0,final_consolidated,detail
2028,ASI,E,0.0,final_consolidated,detail
2028,ASI,F,0.0,final_consolidated,detail
2028,ASI,G,0.0,final_consolidated,detail
2028,ASI,H,0.0,final_consolidated,detail
2028,ASI,I,0.0,final_consolidated,detail
2028,ASI,J,0.0,final_consolidated,detail
2028,ASI,K,0.0,final_consolidated,detail
2028,ASI,L,0.0,final_consolidated,detail
2028,ASI,M,0.0,final_consolidated,detail
2028,ASI,N,0.0,final_consolidated,detail
2028,ASI,O,0.0,final_consolidated,detail
2028,ASI,P,90455021.62705535,final_consolidated,detail
2028,ASI,Q,90455021.62705535,final_consolidated,detail
2028,ASI,R,78106676.34043363,final_consolidated,detail
2028,ASI,S,12348345.286621718,final_consolidated,detail
2028,ASI,T,0.0,final_consolidated,detail
2028,ASI,U,0.0,final_consolidated,detail
2028,ASI,V,0.0,final_consolidated,detail
2028,HAI,A,0.0,final_consolidated,detail
2028,HAI,ALL,763669221.5800095,final_consolidated,region_total
2028,HAI,B,0.0,final_consolidated,detail
2028,HAI,C,0.0,final_consolidated,detail
2028,HAI,D,0.0,final_consolidated,detail
2028,HAI,E,0.0,final_consolidated,detail
2028,HAI,F,0.0,final_consolidated,detail
2028,HAI,G,0.0,final_consolidated,detail
2028,HAI,H,0.0,final_consolidated,detail
2028,HAI,I,0.0,final_consolidated,detail
2028,HAI,J,0.0,final_consolidated,detail
2028,HAI,K,0.0,final_consolidated,detail
2028,HAI,L,0.0,final_consolidated,detail
2028,HAI,M,0.0,final_consolidated,detail
2028,HAI,N,0.0,final_consolidated,detail
2028,HAI,O,0.0,final_consolidated,detail
2028,HAI,P,254556407.1933365,final_consolidated,detail
2028,HAI,Q,254556407.1933365,final_consolidated,detail
2028,HAI,R,219805982.5689836,final_consolidated,detail
2028,HAI,S,34750424.624352865,final_consolidated,detail
2028,HAI,T,0.0,final_consolidated,detail
2028,HAI,U,0.0,final_consolidated,detail
2028,HAI,V,0.0,final_consolidated,detail
2028,JAZ,A,0.0,final_consolidated,detail
2028,JAZ,ALL,48773611.25551058,final_consolidated,region_total
2028,JAZ,B,0.0,final_consolidated,detail
2028,JAZ,C,0.0,final_consolidated,detail
2028,JAZ,D,0.0,final_consolidated,detail
2028,JAZ,E,0.0,final_consolidated,detail
2028,JAZ,F,0.0,final_consolidated,detail
2028,JAZ,G,0.0,final_consolidated,detail
2028,JAZ,H,0.0,final_consolidated,detail
2028,JAZ,I,0.0,final_consolidated,detail
2028,JAZ,J,0.0,final_consolidated,detail
2028,JAZ,K,0.0,final_consolidated,detail
2028,JAZ,L,0.0,final_consolidated,detail
2028,JAZ,M,0.0,final_consolidated,detail
2028,JAZ,N,0.0,final_consolidated,detail
2028,JAZ,O,0.0,final_consolidated,detail
2028,JAZ,P,16257870.418503528,final_consolidated,detail
2028,JAZ,Q,16257870.418503528,final_consolidated,detail
2028,JAZ,R,14038449.164252372,final_consolidated,detail
2028,JAZ,S,2219421.2542511565,final_consolidated,detail
2028,JAZ,T,0.0,final_consolidated,detail
2028,JAZ,U,0.0,final_consolidated,detail
2028,JAZ,V,0.0,final_consolidated,detail
2028,MAK,A,0.0,final_consolidated,detail
2028,MAK,ALL,53103271.60833036,final_consolidated,region_total
2028,MAK,B,0.0,final_consolidated,detail
2028,MAK,C,0.0,final_consolidated,detail
2028,MAK,D,0.0,final_consolidated,detail
2028,MAK,E,0.0,final_consolidated,detail
2028,MAK,F,0.0,final_consolidated,detail
2028,MAK,G,0.0,final_consolidated,detail
2028,MAK,H,0.0,final_consolidated,detail
2028,MAK,I,0.0,final_consolidated,detail
2028,MAK,J,0.0,final_consolidated,detail
2028,MAK,K,0.0,final_consolidated,detail
2028,MAK,L,0.0,final_consolidated,detail
2028,MAK,M,0.0,final_consolidated,detail
2028,MAK,N,0.0,final_consolidated,detail
2028,MAK,O,0.0,final_consolidated,detail
2028,MAK,P,17701090.53611012,final_consolidated,detail
2028,MAK,Q,17701090.53611012,final_consolidated,detail
2028,MAK,R,15284650.033880867,final_consolidated,detail
2028,MAK,S,2416440.502229254,final_consolidated,detail
2028,MAK,T,0.0,final_consolidated,detail
2028,MAK,U,0.0,final_consolidated,detail
2028,MAK,V,0.0,final_consolidated,detail
2028,NAJ,A,0.0,final_consolidated,detail
2028,NAJ,ALL,1047229184.0305837,final_consolidated,region_total
2028,NAJ,B,0.0,final_consolidated,detail
2028,NAJ,C,0.0,final_consolidated,detail
2028,NAJ,D,0.0,final_consolidated,detail
2028,NAJ,E,0.0,final_consolidated,detail
2028,NAJ,F,0.0,final_consolidated,detail
2028,NAJ,G,0.0,final_consolidated,detail
2028,NAJ,H,0.0,final_consolidated,detail
2028,NAJ,I,0.0,final_consolidated,detail
2028,NAJ,J,0.0,final_consolidated,detail
2028,NAJ,K,0.0,final_consolidated,detail
2028,NAJ,L,0.0,final_consolidated,detail
2028,NAJ,M,0.0,final_consolidated,detail
2028,NAJ,N,0.0,final_consolidated,detail
2028,NAJ,O,0.0,final_consolidated,detail
2028,NAJ,P,349076394.6768612,final_consolidated,detail
2028,NAJ,Q,349076394.6768612,final_consolidated,detail
2028,NAJ,R,301422701.43414545,final_consolidated,detail
2028,NAJ,S,47653693.24271583,final_consolidated,detail
2028,NAJ,T,0.0,final_consolidated,detail
2028,NAJ,U,0.0,final_consolidated,detail
2028,NAJ,V,0.0,final_consolidated,detail
2028,TAB,A,0.0,final_consolidated,detail
2028,TAB,ALL,35769153.103079796,final_consolidated,region_total
2028,TAB,B,0.0,final_consolidated,detail
2028,TAB,C,0.0,final_consolidated,detail
2028,TAB,D,0.0,final_consolidated,detail
2028,TAB,E,0.0,final_consolidated,detail
2028,TAB,F,0.0,final_consolidated,detail
2028,TAB,G,0.0,final_consolidated,detail
2028,TAB,H,0.0,final_consolidated,detail
2028,TAB,I,0.0,final_consolidated,detail
2028,TAB,J,0.0,final_consolidated,detail
2028,TAB,K,0.0,final_consolidated,detail
2028,TAB,L,0.0,final_consolidated,detail
2028,TAB,M,0.0,final_consolidated,detail
2028,TAB,N,0.0,final_consolidated,detail
2028,TAB,O,0.0,final_consolidated,detail
2028,TAB,P,11923051.034359932,final_consolidated,detail
2028,TAB,Q,11923051.034359932,final_consolidated,detail
2028,TAB,R,10295391.802246591,final_consolidated,detail
2028,TAB,S,1627659.232113342,final_consolidated,detail
2028,TAB,T,0.0,final_consolidated,detail
2028,TAB,U,0.0,final_consolidated,detail
2028,TAB,V,0.0,final_consolidated,detail
2029,ABA,A,0.0,final_consolidated,detail
2029,ABA,ALL,576401840.9359485,final_consolidated,region_total
2029,ABA,B,0.0,final_consolidated,detail
2029,ABA,C,0.0,final_consolidated,detail
2029,ABA,D,0.0,final_consolidated,detail
2029,ABA,E,0.0,final_consolidated,detail
2029,ABA,F,0.0,final_consolidated,detail
2029,ABA,G,0.0,final_consolidated,detail
2029,ABA,H,0.0,final_consolidated,detail
2029,ABA,I,0.0,final_consolidated,detail
2029,ABA,J,0.0,final_consolidated,detail
2029,ABA,K,0.0,final_consolidated,detail
2029,ABA,L,0.0,final_consolidated,detail
2029,ABA,M,0.0,final_consolidated,detail
2029,ABA,N,0.0,final_consolidated,detail
2029,ABA,O,0.0,final_consolidated,detail
2029,ABA,P,192133946.9786495,final_consolidated,detail
2029,ABA,Q,192133946.9786495,final_consolidated,detail
2029,ABA,R,165097997.04376,final_consolidated,detail
2029,ABA,S,27035949.934889477,final_consolidated,detail
2029,ABA,T,0.0,final_consolidated,detail
2029,ABA,U,0.0,final_consolidated,detail
2029,ABA,V,0.0,final_consolidated,detail
2029,AHU,A,0.0,final_consolidated,detail
2029,AHU,ALL,9815097.064865608,final_consolidated,region_total
2029,AHU,B,0.0,final_consolidated,detail
2029,AHU,C,0.0,final_consolidated,detail
2029,AHU,D,0.0,final_consolidated,detail
2029,AHU,E,0.0,final_consolidated,detail
2029,AHU,F,0.0,final_consolidated,detail
2029,AHU,G,0.0,final_consolidated,detail
2029,AHU,H,0.0,final_consolidated,detail
2029,AHU,I,0.0,final_consolidated,detail
2029,AHU,J,0.0,final_consolidated,detail
2029,AHU,K,0.0,final_consolidated,detail
2029,AHU,L,0.0,final_consolidated,detail
2029,AHU,M,0.0,final_consolidated,detail
2029,AHU,N,0.0,final_consolidated,detail
2029,AHU,O,0.0,final_consolidated,detail
2029,AHU,P,3271699.0216218694,final_consolidated,detail
2029,AHU,Q,3271699.0216218694,final_consolidated,detail
2029,AHU,R,2811324.9318706975,final_consolidated,detail
2029,AHU,S,460374.08975117217,final_consolidated,detail
2029,AHU,T,0.0,final_consolidated,detail
2029,AHU,U,0.0,final_consolidated,detail
2029,AHU,V,0.0,final_consolidated,detail
2029,AJA,A,0.0,final_consolidated,detail
2029,AJA,ALL,15973601.700008707,final_consolidated,region_total
2029,AJA,B,0.0,final_consolidated,detail
2029,AJA,C,0.0,final_consolidated,detail
2029,AJA,D,0.0,final_consolidated,detail
2029,AJA,E,0.0,final_consolidated,detail
2029,AJA,F,0.0,final_consolidated,detail
2029,AJA,G,0.0,final_consolidated,detail
2029,AJA,H,0.0,final_consolidated,detail
2029,AJA,I,0.0,final_consolidated,detail
2029,AJA,J,0.0,final_consolidated,detail
2029,AJA,K,0.0,final_consolidated,detail
2029,AJA,L,0.0,final_consolidated,detail
2029,AJA,M,0.0,final_consolidated,detail
2029,AJA,N,0.0,final_consolidated,detail
2029,AJA,O,0.0,final_consolidated,detail
2029,AJA,P,5324533.900002902,final_consolidated,detail
2029,AJA,Q,5324533.900002902,final_consolidated,detail
2029,AJA,R,4575297.056588152,final_consolidated,detail
2029,AJA,S,749236.8434147498,final_consolidated,detail
2029,AJA,T,0.0,final_consolidated,detail
2029,AJA,U,0.0,final_consolidated,detail
2029,AJA,V,0.0,final_consolidated,detail
2029,ALL,A,0.0,final_consolidated,sector_total
2029,ALL,ALL,6383211960.994654,final_consolidated,grand_total
2029,ALL,B,0.0,final_consolidated,sector_total
2029,ALL,C,0.0,final_consolidated,sector_total
2029,ALL,D,0.0,final_consolidated,sector_total
2029,ALL,E,0.0,final_consolidated,sector_total
2029,ALL,F,0.0,final_consolidated,sector_total
2029,ALL,G,0.0,final_consolidated,sector_total
2029,ALL,H,0.0,final_consolidated,sector_total
2029,ALL,I,0.0,final_consolidated,sector_total
2029,ALL,J,0.0,final_consolidated,sector_total
2029,ALL,K,0.0,final_consolidated,sector_total
2029,ALL,L,0.0,final_consolidated,sector_total
2029,ALL,M,0.0,final_consolidated,sector_total
2029,ALL,N,0.0,final_consolidated,sector_total
2029,ALL,O,0.0,final_consolidated,sector_total
2029,ALL,P,2127737320.331551,final_consolidated,sector_total
2029,ALL,Q,2127737320.331551,final_consolidated,sector_total
2029,ALL,R,1828334739.102779,final_consolidated,sector_total
2029,ALL,S,299402581.22877216,final_consolidated,sector_total
2029,ALL,T,0.0,final_consolidated,sector_total
2029,ALL,U,0.0,final_consolidated,sector_total
2029,ALL,V,0.0,final_consolidated,sector_total
2029,AMA,A,0.0,final_consolidated,detail
2029,AMA,ALL,1350256099.6621273,final_consolidated,region_total
2029,AMA,B,0.0,final_consolidated,detail
2029,AMA,C,0.0,final_consolidated,detail
2029,AMA,D,0.0,final_consolidated,detail
2029,AMA,E,0.0,final_consolidated,detail
2029,AMA,F,0.0,final_consolidated,detail
2029,AMA,G,0.0,final_consolidated,detail
2029,AMA,H,0.0,final_consolidated,detail
2029,AMA,I,0.0,final_consolidated,detail
2029,AMA,J,0.0,final_consolidated,detail
2029,AMA,K,0.0,final_consolidated,detail
2029,AMA,L,0.0,final_consolidated,detail
2029,AMA,M,0.0,final_consolidated,detail
2029,AMA,N,0.0,final_consolidated,detail
2029,AMA,O,0.0,final_consolidated,detail
2029,AMA,P,450085366.5540424,final_consolidated,detail
2029,AMA,Q,450085366.5540424,final_consolidated,detail
2029,AMA,R,386752022.14544773,final_consolidated,detail
2029,AMA,S,63333344.40859464,final_consolidated,detail
2029,AMA,T,0.0,final_consolidated,detail
2029,AMA,U,0.0,final_consolidated,detail
2029,AMA,V,0.0,final_consolidated,detail
2029,AQA,A,0.0,final_consolidated,detail
2029,AQA,ALL,833068187.2986284,final_consolidated,region_total
2029,AQA,B,0.0,final_consolidated,detail
2029,AQA,C,0.0,final_consolidated,detail
2029,AQA,D,0.0,final_consolidated,detail
2029,AQA,E,0.0,final_consolidated,detail
2029,AQA,F,0.0,final_consolidated,detail
2029,AQA,G,0.0,final_consolidated,detail
2029,AQA,H,0.0,final_consolidated,detail
2029,AQA,I,0.0,final_consolidated,detail
2029,AQA,J,0.0,final_consolidated,detail
2029,AQA,K,0.0,final_consolidated,detail
2029,AQA,L,0.0,final_consolidated,detail
2029,AQA,M,0.0,final_consolidated,detail
2029,AQA,N,0.0,final_consolidated,detail
2029,AQA,O,0.0,final_consolidated,detail
2029,AQA,P,277689395.7662095,final_consolidated,detail
2029,AQA,Q,277689395.7662095,final_consolidated,detail
2029,AQA,R,238614590.30135736,final_consolidated,detail
2029,AQA,S,39074805.46485217,final_consolidated,detail
2029,AQA,T,0.0,final_consolidated,detail
2029,AQA,U,0.0,final_consolidated,detail
2029,AQA,V,0.0,final_consolidated,detail
2029,ARI,A,0.0,final_consolidated,detail
2029,ARI,ALL,360159495.66264874,final_consolidated,region_total
2029,ARI,B,0.0,final_consolidated,detail
2029,ARI,C,0.0,final_consolidated,detail
2029,ARI,D,0.0,final_consolidated,detail
2029,ARI,E,0.0,final_consolidated,detail
2029,ARI,F,0.0,final_consolidated,detail
2029,ARI,G,0.0,final_consolidated,detail
2029,ARI,H,0.0,final_consolidated,detail
2029,ARI,I,0.0,final_consolidated,detail
2029,ARI,J,0.0,final_consolidated,detail
2029,ARI,K,0.0,final_consolidated,detail
2029,ARI,L,0.0,final_consolidated,detail
2029,ARI,M,0.0,final_consolidated,detail
2029,ARI,N,0.0,final_consolidated,detail
2029,ARI,O,0.0,final_consolidated,detail
2029,ARI,P,120053165.22088291,final_consolidated,detail
2029,ARI,Q,120053165.22088291,final_consolidated,detail
2029,ARI,R,103159995.55733834,final_consolidated,detail
2029,ARI,S,16893169.663544584,final_consolidated,detail
2029,ARI,T,0.0,final_consolidated,detail
2029,ARI,U,0.0,final_consolidated,detail
2029,ARI,V,0.0,final_consolidated,detail
2029,ASH,A,0.0,final_consolidated,detail
2029,ASH,ALL,854848127.555676,final_consolidated,region_total
2029,ASH,B,0.0,final_consolidated,detail
2029,ASH,C,0.0,final_consolidated,detail
2029,ASH,D,0.0,final_consolidated,detail
2029,ASH,E,0.0,final_consolidated,detail
2029,ASH,F,0.0,final_consolidated,detail
2029,ASH,G,0.0,final_consolidated,detail
2029,ASH,H,0.0,final_consolidated,detail
2029,ASH,I,0.0,final_consolidated,detail
2029,ASH,J,0.0,final_consolidated,detail
2029,ASH,K,0.0,final_consolidated,detail
2029,ASH,L,0.0,final_consolidated,detail
2029,ASH,M,0.0,final_consolidated,detail
2029,ASH,N,0.0,final_consolidated,detail
2029,ASH,O,0.0,final_consolidated,detail
2029,ASH,P,284949375.851892,final_consolidated,detail
2029,ASH,Q,284949375.851892,final_consolidated,detail
2029,ASH,R,244852989.03084865,final_consolidated,detail
2029,ASH,S,40096386.82104331,final_consolidated,detail
2029,ASH,T,0.0,final_consolidated,detail
2029,ASH,U,0.0,final_consolidated,detail
2029,ASH,V,0.0,final_consolidated,detail
2029,ASI,A,0.0,final_consolidated,detail
2029,ASI,ALL,291263536.5964919,final_consolidated,region_total
2029,ASI,B,0.0,final_consolidated,detail
2029,ASI,C,0.0,final_consolidated,detail
2029,ASI,D,0.0,final_consolidated,detail
2029,ASI,E,0.0,final_consolidated,detail
2029,ASI,F,0.0,final_consolidated,detail
2029,ASI,G,0.0,final_consolidated,detail
2029,ASI,H,0.0,final_consolidated,detail
2029,ASI,I,0.0,final_consolidated,detail
2029,ASI,J,0.0,final_consolidated,detail
2029,ASI,K,0.0,final_consolidated,detail
2029,ASI,L,0.0,final_consolidated,detail
2029,ASI,M,0.0,final_consolidated,detail
2029,ASI,N,0.0,final_consolidated,detail
2029,ASI,O,0.0,final_consolidated,detail
2029,ASI,P,97087845.53216396,final_consolidated,detail
2029,ASI,Q,97087845.53216396,final_consolidated,detail
2029,ASI,R,83426219.50318559,final_consolidated,detail
2029,ASI,S,13661626.028978368,final_consolidated,detail
2029,ASI,T,0.0,final_consolidated,detail
2029,ASI,U,0.0,final_consolidated,detail
2029,ASI,V,0.0,final_consolidated,detail
2029,HAI,A,0.0,final_consolidated,detail
2029,HAI,ALL,819667035.492162,final_consolidated,region_total
2029,HAI,B,0.0,final_consolidated,detail
2029,HAI,C,0.0,final_consolidated,detail
2029,HAI,D,0.0,final_consolidated,detail
2029,HAI,E,0.0,final_consolidated,detail
2029,HAI,F,0.0,final_consolidated,detail
2029,HAI,G,0.0,final_consolidated,detail
2029,HAI,H,0.0,final_consolidated,detail
2029,HAI,I,0.0,final_consolidated,detail
2029,HAI,J,0.0,final_consolidated,detail
2029,HAI,K,0.0,final_consolidated,detail
2029,HAI,L,0.0,final_consolidated,detail
2029,HAI,M,0.0,final_consolidated,detail
2029,HAI,N,0.0,final_consolidated,detail
2029,HAI,O,0.0,final_consolidated,detail
2029,HAI,P,273222345.164054,final_consolidated,detail
2029,HAI,Q,273222345.164054,final_consolidated,detail
2029,HAI,R,234776116.57661286,final_consolidated,detail
2029,HAI,S,38446228.587441154,final_consolidated,detail
2029,HAI,T,0.0,final_consolidated,detail
2029,HAI,U,0.0,final_consolidated,detail
2029,HAI,V,0.0,final_consolidated,detail
2029,JAZ,A,0.0,final_consolidated,detail
2029,JAZ,ALL,52350049.23380037,final_consolidated,region_total
2029,JAZ,B,0.0,final_consolidated,detail
2029,JAZ,C,0.0,final_consolidated,detail
2029,JAZ,D,0.0,final_consolidated,detail
2029,JAZ,E,0.0,final_consolidated,detail
2029,JAZ,F,0.0,final_consolidated,detail
2029,JAZ,G,0.0,final_consolidated,detail
2029,JAZ,H,0.0,final_consolidated,detail
2029,JAZ,I,0.0,final_consolidated,detail
2029,JAZ,J,0.0,final_consolidated,detail
2029,JAZ,K,0.0,final_consolidated,detail
2029,JAZ,L,0.0,final_consolidated,detail
2029,JAZ,M,0.0,final_consolidated,detail
2029,JAZ,N,0.0,final_consolidated,detail
2029,JAZ,O,0.0,final_consolidated,detail
2029,JAZ,P,17450016.41126679,final_consolidated,detail
2029,JAZ,Q,17450016.41126679,final_consolidated,detail
2029,JAZ,R,14994553.555916019,final_consolidated,detail
2029,JAZ,S,2455462.855350773,final_consolidated,detail
2029,JAZ,T,0.0,final_consolidated,detail
2029,JAZ,U,0.0,final_consolidated,detail
2029,JAZ,V,0.0,final_consolidated,detail
2029,MAK,A,0.0,final_consolidated,detail
2029,MAK,ALL,56997191.9571135,final_consolidated,region_total
2029,MAK,B,0.0,final_consolidated,detail
2029,MAK,C,0.0,final_consolidated,detail
2029,MAK,D,0.0,final_consolidated,detail
2029,MAK,E,0.0,final_consolidated,detail
2029,MAK,F,0.0,final_consolidated,detail
2029,MAK,G,0.0,final_consolidated,detail
2029,MAK,H,0.0,final_consolidated,detail
2029,MAK,I,0.0,final_consolidated,detail
2029,MAK,J,0.0,final_consolidated,detail
2029,MAK,K,0.0,final_consolidated,detail
2029,MAK,L,0.0,final_consolidated,detail
2029,MAK,M,0.0,final_consolidated,detail
2029,MAK,N,0.0,final_consolidated,detail
2029,MAK,O,0.0,final_consolidated,detail
2029,MAK,P,18999063.9857045,final_consolidated,detail
2029,MAK,Q,18999063.9857045,final_consolidated,detail
2029,MAK,R,16325628.33935124,final_consolidated,detail
2029,MAK,S,2673435.6463532588,final_consolidated,detail
2029,MAK,T,0.0,final_consolidated,detail
2029,MAK,U,0.0,final_consolidated,detail
2029,MAK,V,0.0,final_consolidated,detail
2029,NAJ,A,0.0,final_consolidated,detail
2029,NAJ,ALL,1124019688.7590446,final_consolidated,region_total
2029,NAJ,B,0.0,final_consolidated,detail
2029,NAJ,C,0.0,final_consolidated,detail
2029,NAJ,D,0.0,final_consolidated,detail
2029,NAJ,E,0.0,final_consolidated,detail
2029,NAJ,F,0.0,final_consolidated,detail
2029,NAJ,G,0.0,final_consolidated,detail
2029,NAJ,H,0.0,final_consolidated,detail
2029,NAJ,I,0.0,final_consolidated,detail
2029,NAJ,J,0.0,final_consolidated,detail
2029,NAJ,K,0.0,final_consolidated,detail
2029,NAJ,L,0.0,final_consolidated,detail
2029,NAJ,M,0.0,final_consolidated,detail
2029,NAJ,N,0.0,final_consolidated,detail
2029,NAJ,O,0.0,final_consolidated,detail
2029,NAJ,P,374673229.58634824,final_consolidated,detail
2029,NAJ,Q,374673229.58634824,final_consolidated,detail
2029,NAJ,R,321951434.0039908,final_consolidated,detail
2029,NAJ,S,52721795.582357444,final_consolidated,detail
2029,NAJ,T,0.0,final_consolidated,detail
2029,NAJ,U,0.0,final_consolidated,detail
2029,NAJ,V,0.0,final_consolidated,detail
2029,TAB,A,0.0,final_consolidated,detail
2029,TAB,ALL,38392009.076137625,final_consolidated,region_total
2029,TAB,B,0.0,final_consolidated,detail
2029,TAB,C,0.0,final_consolidated,detail
2029,TAB,D,0.0,final_consolidated,detail
2029,TAB,E,0.0,final_consolidated,detail
2029,TAB,F,0.0,final_consolidated,detail
2029,TAB,G,0.0,final_consolidated,detail
2029,TAB,H,0.0,final_consolidated,detail
2029,TAB,I,0.0,final_consolidated,detail
2029,TAB,J,0.0,final_consolidated,detail
2029,TAB,K,0.0,final_consolidated,detail
2029,TAB,L,0.0,final_consolidated,detail
2029,TAB,M,0.0,final_consolidated,detail
2029,TAB,N,0.0,final_consolidated,detail
2029,TAB,O,0.0,final_consolidated,detail
2029,TAB,P,12797336.358712543,final_consolidated,detail
2029,TAB,Q,12797336.358712543,final_consolidated,detail
2029,TAB,R,10996571.056511467,final_consolidated,detail
2029,TAB,S,1800765.3022010752,final_consolidated,detail
2029,TAB,T,0.0,final_consolidated,detail
2029,TAB,U,0.0,final_consolidated,detail
2029,TAB,V,0.0,final_consolidated,detail
2030,ABA,A,0.0,final_consolidated,detail
2030,ABA,ALL,613831239.0339619,final_consolidated,region_total
2030,ABA,B,0.0,final_consolidated,detail
2030,ABA,C,0.0,final_consolidated,detail
2030,ABA,D,0.0,final_consolidated,detail
2030,ABA,E,0.0,final_consolidated,detail
2030,ABA,F,0.0,final_consolidated,detail
2030,ABA,G,0.0,final_consolidated,detail
2030,ABA,H,0.0,final_consolidated,detail
2030,ABA,I,0.0,final_consolidated,detail
2030,ABA,J,0.0,final_consolidated,detail
2030,ABA,K,0.0,final_consolidated,detail
2030,ABA,L,0.0,final_consolidated,detail
2030,ABA,M,0.0,final_consolidated,detail
2030,ABA,N,0.0,final_consolidated,detail
2030,ABA,O,0.0,final_consolidated,detail
2030,ABA,P,204610413.01132062,final_consolidated,detail
2030,ABA,Q,204610413.01132062,final_consolidated,detail
2030,ABA,R,174898009.8017559,final_consolidated,detail
2030,ABA,S,29712403.209564712,final_consolidated,detail
2030,ABA,T,0.0,final_consolidated,detail
2030,ABA,U,0.0,final_consolidated,detail
2030,ABA,V,0.0,final_consolidated,detail
2030,AHU,A,0.0,final_consolidated,detail
2030,AHU,ALL,10452453.071249912,final_consolidated,region_total
2030,AHU,B,0.0,final_consolidated,detail
2030,AHU,C,0.0,final_consolidated,detail
2030,AHU,D,0.0,final_consolidated,detail
2030,AHU,E,0.0,final_consolidated,detail
2030,AHU,F,0.0,final_consolidated,detail
2030,AHU,G,0.0,final_consolidated,detail
2030,AHU,H,0.0,final_consolidated,detail
2030,AHU,I,0.0,final_consolidated,detail
2030,AHU,J,0.0,final_consolidated,detail
2030,AHU,K,0.0,final_consolidated,detail
2030,AHU,L,0.0,final_consolidated,detail
2030,AHU,M,0.0,final_consolidated,detail
2030,AHU,N,0.0,final_consolidated,detail
2030,AHU,O,0.0,final_consolidated,detail
2030,AHU,P,3484151.0237499704,final_consolidated,detail
2030,AHU,Q,3484151.0237499704,final_consolidated,detail
2030,AHU,R,2978201.7001691167,final_consolidated,detail
2030,AHU,S,505949.32358085376,final_consolidated,detail
2030,AHU,T,0.0,final_consolidated,detail
2030,AHU,U,0.0,final_consolidated,detail
2030,AHU,V,0.0,final_consolidated,detail
2030,AJA,A,0.0,final_consolidated,detail
2030,AJA,ALL,17010868.160014976,final_consolidated,region_total
2030,AJA,B,0.0,final_consolidated,detail
2030,AJA,C,0.0,final_consolidated,detail
2030,AJA,D,0.0,final_consolidated,detail
2030,AJA,E,0.0,final_consolidated,detail
2030,AJA,F,0.0,final_consolidated,detail
2030,AJA,G,0.0,final_consolidated,detail
2030,AJA,H,0.0,final_consolidated,detail
2030,AJA,I,0.0,final_consolidated,detail
2030,AJA,J,0.0,final_consolidated,detail
2030,AJA,K,0.0,final_consolidated,detail
2030,AJA,L,0.0,final_consolidated,detail
2030,AJA,M,0.0,final_consolidated,detail
2030,AJA,N,0.0,final_consolidated,detail
2030,AJA,O,0.0,final_consolidated,detail
2030,AJA,P,5670289.386671659,final_consolidated,detail
2030,AJA,Q,5670289.386671659,final_consolidated,detail
2030,AJA,R,4846881.026890956,final_consolidated,detail
2030,AJA,S,823408.359780703,final_consolidated,detail
2030,AJA,T,0.0,final_consolidated,detail
2030,AJA,U,0.0,final_consolidated,detail
2030,AJA,V,0.0,final_consolidated,detail
2030,ALL,A,0.0,final_consolidated,sector_total
2030,ALL,ALL,6797714075.082486,final_consolidated,grand_total
2030,ALL,B,0.0,final_consolidated,sector_total
2030,ALL,C,0.0,final_consolidated,sector_total
2030,ALL,D,0.0,final_consolidated,sector_total
2030,ALL,E,0.0,final_consolidated,sector_total
2030,ALL,F,0.0,final_consolidated,sector_total
2030,ALL,G,0.0,final_consolidated,sector_total
2030,ALL,H,0.0,final_consolidated,sector_total
2030,ALL,I,0.0,final_consolidated,sector_total
2030,ALL,J,0.0,final_consolidated,sector_total
2030,ALL,K,0.0,final_consolidated,sector_total
2030,ALL,L,0.0,final_consolidated,sector_total
2030,ALL,M,0.0,final_consolidated,sector_total
2030,ALL,N,0.0,final_consolidated,sector_total
2030,ALL,O,0.0,final_consolidated,sector_total
2030,ALL,P,2265904691.6941624,final_consolidated,sector_total
2030,ALL,Q,2265904691.6941624,final_consolidated,sector_total
2030,ALL,R,1936862426.2336237,final_consolidated,sector_total
2030,ALL,S,329042265.4605384,final_consolidated,sector_total
2030,ALL,T,0.0,final_consolidated,sector_total
2030,ALL,U,0.0,final_consolidated,sector_total
2030,ALL,V,0.0,final_consolidated,sector_total
2030,AMA,A,0.0,final_consolidated,detail
2030,AMA,ALL,1437936723.6630154,final_consolidated,region_total
2030,AMA,B,0.0,final_consolidated,detail
2030,AMA,C,0.0,final_consolidated,detail
2030,AMA,D,0.0,final_consolidated,detail
2030,AMA,E,0.0,final_consolidated,detail
2030,AMA,F,0.0,final_consolidated,detail
2030,AMA,G,0.0,final_consolidated,detail
2030,AMA,H,0.0,final_consolidated,detail
2030,AMA,I,0.0,final_consolidated,detail
2030,AMA,J,0.0,final_consolidated,detail
2030,AMA,K,0.0,final_consolidated,detail
2030,AMA,L,0.0,final_consolidated,detail
2030,AMA,M,0.0,final_consolidated,detail
2030,AMA,N,0.0,final_consolidated,detail
2030,AMA,O,0.0,final_consolidated,detail
2030,AMA,P,479312241.22100514,final_consolidated,detail
2030,AMA,Q,479312241.22100514,final_consolidated,detail
2030,AMA,R,409709143.48594165,final_consolidated,detail
2030,AMA,S,69603097.73506345,final_consolidated,detail
2030,AMA,T,0.0,final_consolidated,detail
2030,AMA,U,0.0,final_consolidated,detail
2030,AMA,V,0.0,final_consolidated,detail
2030,AQA,A,0.0,final_consolidated,detail
2030,AQA,ALL,887164546.1418954,final_consolidated,region_total
2030,AQA,B,0.0,final_consolidated,detail
2030,AQA,C,0.0,final_consolidated,detail
2030,AQA,D,0.0,final_consolidated,detail
2030,AQA,E,0.0,final_consolidated,detail
2030,AQA,F,0.0,final_consolidated,detail
2030,AQA,G,0.0,final_consolidated,detail
2030,AQA,H,0.0,final_consolidated,detail
2030,AQA,I,0.0,final_consolidated,detail
2030,AQA,J,0.0,final_consolidated,detail
2030,AQA,K,0.0,final_consolidated,detail
2030,AQA,L,0.0,final_consolidated,detail
2030,AQA,M,0.0,final_consolidated,detail
2030,AQA,N,0.0,final_consolidated,detail
2030,AQA,O,0.0,final_consolidated,detail
2030,AQA,P,295721515.3806318,final_consolidated,detail
2030,AQA,Q,295721515.3806318,final_consolidated,detail
2030,AQA,R,252778457.04153013,final_consolidated,detail
2030,AQA,S,42943058.33910165,final_consolidated,detail
2030,AQA,T,0.0,final_consolidated,detail
2030,AQA,U,0.0,final_consolidated,detail
2030,AQA,V,0.0,final_consolidated,detail
2030,ARI,A,0.0,final_consolidated,detail
2030,ARI,ALL,383546917.74313277,final_consolidated,region_total
2030,ARI,B,0.0,final_consolidated,detail
2030,ARI,C,0.0,final_consolidated,detail
2030,ARI,D,0.0,final_consolidated,detail
2030,ARI,E,0.0,final_consolidated,detail
2030,ARI,F,0.0,final_consolidated,detail
2030,ARI,G,0.0,final_consolidated,detail
2030,ARI,H,0.0,final_consolidated,detail
2030,ARI,I,0.0,final_consolidated,detail
2030,ARI,J,0.0,final_consolidated,detail
2030,ARI,K,0.0,final_consolidated,detail
2030,ARI,L,0.0,final_consolidated,detail
2030,ARI,M,0.0,final_consolidated,detail
2030,ARI,N,0.0,final_consolidated,detail
2030,ARI,O,0.0,final_consolidated,detail
2030,ARI,P,127848972.58104426,final_consolidated,detail
2030,ARI,Q,127848972.58104426,final_consolidated,detail
2030,ARI,R,109283445.20953947,final_consolidated,detail
2030,ARI,S,18565527.371504776,final_consolidated,detail
2030,ARI,T,0.0,final_consolidated,detail
2030,ARI,U,0.0,final_consolidated,detail
2030,ARI,V,0.0,final_consolidated,detail
2030,ASH,A,0.0,final_consolidated,detail
2030,ASH,ALL,910358794.9533849,final_consolidated,region_total
2030,ASH,B,0.0,final_consolidated,detail
2030,ASH,C,0.0,final_consolidated,detail
2030,ASH,D,0.0,final_consolidated,detail
2030,ASH,E,0.0,final_consolidated,detail
2030,ASH,F,0.0,final_consolidated,detail
2030,ASH,G,0.0,final_consolidated,detail
2030,ASH,H,0.0,final_consolidated,detail
2030,ASH,I,0.0,final_consolidated,detail
2030,ASH,J,0.0,final_consolidated,detail
2030,ASH,K,0.0,final_consolidated,detail
2030,ASH,L,0.0,final_consolidated,detail
2030,ASH,M,0.0,final_consolidated,detail
2030,ASH,N,0.0,final_consolidated,detail
2030,ASH,O,0.0,final_consolidated,detail
2030,ASH,P,303452931.6511283,final_consolidated,detail
2030,ASH,Q,303452931.6511283,final_consolidated,detail
2030,ASH,R,259387159.3981592,final_consolidated,detail
2030,ASH,S,44065772.25296913,final_consolidated,detail
2030,ASH,T,0.0,final_consolidated,detail
2030,ASH,U,0.0,final_consolidated,detail
2030,ASH,V,0.0,final_consolidated,detail
2030,ASI,A,0.0,final_consolidated,detail
2030,ASI,ALL,310177110.5798838,final_consolidated,region_total
2030,ASI,B,0.0,final_consolidated,detail
2030,ASI,C,0.0,final_consolidated,detail
2030,ASI,D,0.0,final_consolidated,detail
2030,ASI,E,0.0,final_consolidated,detail
2030,ASI,F,0.0,final_consolidated,detail
2030,ASI,G,0.0,final_consolidated,detail
2030,ASI,H,0.0,final_consolidated,detail
2030,ASI,I,0.0,final_consolidated,detail
2030,ASI,J,0.0,final_consolidated,detail
2030,ASI,K,0.0,final_consolidated,detail
2030,ASI,L,0.0,final_consolidated,detail
2030,ASI,M,0.0,final_consolidated,detail
2030,ASI,N,0.0,final_consolidated,detail
2030,ASI,O,0.0,final_consolidated,detail
2030,ASI,P,103392370.1932946,final_consolidated,detail
2030,ASI,Q,103392370.1932946,final_consolidated,detail
2030,ASI,R,88378296.63387229,final_consolidated,detail
2030,ASI,S,15014073.559422318,final_consolidated,detail
2030,ASI,T,0.0,final_consolidated,detail
2030,ASI,U,0.0,final_consolidated,detail
2030,ASI,V,0.0,final_consolidated,detail
2030,HAI,A,0.0,final_consolidated,detail
2030,HAI,ALL,872893173.2321763,final_consolidated,region_total
2030,HAI,B,0.0,final_consolidated,detail
2030,HAI,C,0.0,final_consolidated,detail
2030,HAI,D,0.0,final_consolidated,detail
2030,HAI,E,0.0,final_consolidated,detail
2030,HAI,F,0.0,final_consolidated,detail
2030,HAI,G,0.0,final_consolidated,detail
2030,HAI,H,0.0,final_consolidated,detail
2030,HAI,I,0.0,final_consolidated,detail
2030,HAI,J,0.0,final_consolidated,detail
2030,HAI,K,0.0,final_consolidated,detail
2030,HAI,L,0.0,final_consolidated,detail
2030,HAI,M,0.0,final_consolidated,detail
2030,HAI,N,0.0,final_consolidated,detail
2030,HAI,O,0.0,final_consolidated,detail
2030,HAI,P,290964391.0773921,final_consolidated,detail
2030,HAI,Q,290964391.0773921,final_consolidated,detail
2030,HAI,R,248712136.26747373,final_consolidated,detail
2030,HAI,S,42252254.80991832,final_consolidated,detail
2030,HAI,T,0.0,final_consolidated,detail
2030,HAI,U,0.0,final_consolidated,detail
2030,HAI,V,0.0,final_consolidated,detail
2030,JAZ,A,0.0,final_consolidated,detail
2030,JAZ,ALL,55749467.303043246,final_consolidated,region_total
2030,JAZ,B,0.0,final_consolidated,detail
2030,JAZ,C,0.0,final_consolidated,detail
2030,JAZ,D,0.0,final_consolidated,detail
2030,JAZ,E,0.0,final_consolidated,detail
2030,JAZ,F,0.0,final_consolidated,detail
2030,JAZ,G,0.0,final_consolidated,detail
2030,JAZ,H,0.0,final_consolidated,detail
2030,JAZ,I,0.0,final_consolidated,detail
2030,JAZ,J,0.0,final_consolidated,detail
2030,JAZ,K,0.0,final_consolidated,detail
2030,JAZ,L,0.0,final_consolidated,detail
2030,JAZ,M,0.0,final_consolidated,detail
2030,JAZ,N,0.0,final_consolidated,detail
2030,JAZ,O,0.0,final_consolidated,detail
2030,JAZ,P,18583155.76768108,final_consolidated,detail
2030,JAZ,Q,18583155.76768108,final_consolidated,detail
2030,JAZ,R,15884611.695806602,final_consolidated,detail
2030,JAZ,S,2698544.07187448,final_consolidated,detail
2030,JAZ,T,0.0,final_consolidated,detail
2030,JAZ,U,0.0,final_consolidated,detail
2030,JAZ,V,0.0,final_consolidated,detail
2030,MAK,A,0.0,final_consolidated,detail
2030,MAK,ALL,60698378.241958745,final_consolidated,region_total
2030,MAK,B,0.0,final_consolidated,detail
2030,MAK,C,0.0,final_consolidated,detail
2030,MAK,D,0.0,final_consolidated,detail
2030,MAK,E,0.0,final_consolidated,detail
2030,MAK,F,0.0,final_consolidated,detail
2030,MAK,G,0.0,final_consolidated,detail
2030,MAK,H,0.0,final_consolidated,detail
2030,MAK,I,0.0,final_consolidated,detail
2030,MAK,J,0.0,final_consolidated,detail
2030,MAK,K,0.0,final_consolidated,detail
2030,MAK,L,0.0,final_consolidated,detail
2030,MAK,M,0.0,final_consolidated,detail
2030,MAK,N,0.0,final_consolidated,detail
2030,MAK,O,0.0,final_consolidated,detail
2030,MAK,P,20232792.747319583,final_consolidated,detail
2030,MAK,Q,20232792.747319583,final_consolidated,detail
2030,MAK,R,17294697.430877134,final_consolidated,detail
2030,MAK,S,2938095.3164424477,final_consolidated,detail
2030,MAK,T,0.0,final_consolidated,detail
2030,MAK,U,0.0,final_consolidated,detail
2030,MAK,V,0.0,final_consolidated,detail
2030,NAJ,A,0.0,final_consolidated,detail
2030,NAJ,ALL,1197009359.1810768,final_consolidated,region_total
2030,NAJ,B,0.0,final_consolidated,detail
2030,NAJ,C,0.0,final_consolidated,detail
2030,NAJ,D,0.0,final_consolidated,detail
2030,NAJ,E,0.0,final_consolidated,detail
2030,NAJ,F,0.0,final_consolidated,detail
2030,NAJ,G,0.0,final_consolidated,detail
2030,NAJ,H,0.0,final_consolidated,detail
2030,NAJ,I,0.0,final_consolidated,detail
2030,NAJ,J,0.0,final_consolidated,detail
2030,NAJ,K,0.0,final_consolidated,detail
2030,NAJ,L,0.0,final_consolidated,detail
2030,NAJ,M,0.0,final_consolidated,detail
2030,NAJ,N,0.0,final_consolidated,detail
2030,NAJ,O,0.0,final_consolidated,detail
2030,NAJ,P,399003119.7270256,final_consolidated,detail
2030,NAJ,Q,399003119.7270256,final_consolidated,detail
2030,NAJ,R,341062072.63795257,final_consolidated,detail
2030,NAJ,S,57941047.089073025,final_consolidated,detail
2030,NAJ,T,0.0,final_consolidated,detail
2030,NAJ,U,0.0,final_consolidated,detail
2030,NAJ,V,0.0,final_consolidated,detail
2030,TAB,A,0.0,final_consolidated,detail
2030,TAB,ALL,40885043.77769228,final_consolidated,region_total
2030,TAB,B,0.0,final_consolidated,detail
2030,TAB,C,0.0,final_consolidated,detail
2030,TAB,D,0.0,final_consolidated,detail
2030,TAB,E,0.0,final_consolidated,detail
2030,TAB,F,0.0,final_consolidated,detail
2030,TAB,G,0.0,final_consolidated,detail
2030,TAB,H,0.0,final_consolidated,detail
2030,TAB,I,0.0,final_consolidated,detail
2030,TAB,J,0.0,final_consolidated,detail
2030,TAB,K,0.0,final_consolidated,detail
2030,TAB,L,0.0,final_consolidated,detail
2030,TAB,M,0.0,final_consolidated,detail
2030,TAB,N,0.0,final_consolidated,detail
2030,TAB,O,0.0,final_consolidated,detail
2030,TAB,P,13628347.925897427,final_consolidated,detail
2030,TAB,Q,13628347.925897427,final_consolidated,detail
2030,TAB,R,11649313.903654896,final_consolidated,detail
2030,TAB,S,1979034.0222425307,final_consolidated,detail
2030,TAB,T,0.0,final_consolidated,detail
2030,TAB,U,0.0,final_consolidated,detail
2030,TAB,V,0.0,final_consolidated,detail
